Country,1980,1981,1982,1983,1984,1985,1986,1987,1988,1989,1990,1991,1992,1993,1994,1995,1996,1997,1998,1999,2000,2001,2002,2003,2004,2005,2006,2007,2008,2009,2010,2011,2012,2013,2014,2015,2016,2017,2018,2019,2020,2021,2022,2023,2024,2025,2026,2027,2028
Afghanistan,518.73,633.73,652.74,701.67,774.14,599.55,660.82,581.51,478.58,356.81,359.01,359.14,330.1,282.62,252.16,302.53,310.07,318.24,295.8,297.75,289.07,269.72,318.68,327.33,323.02,350.6,358.23,404.3,415.34,490.41,548.57,539.12,594.64,614.05,616.61,611.32,610.74,612.54,609.34,612.42,584.05,456.37,411.56,393.02,393.91,395.08,396.54,398.48,400.43
Albania,1740.98,1805.29,1821.2,1804.19,1745.51,1740.12,1802.41,1753.39,1694.59,1826.94,1626.99,1194.92,1148.4,1260.53,1345.5,1502.06,1615.51,1429.36,1561.69,1777.07,1918.01,2097.17,2213.59,2357.59,2507.11,2664.22,2839.01,3023.07,3257.92,3368.85,3488.57,3568.14,3608.85,3634.67,3688.38,3758.93,3871.63,4006.44,4157.2,4237.37,4086.82,4440.16,4644.78,4755.9,4904.18,5092.92,5306.12,5486.35,5639.97
Algeria,3256.86,3250.68,3350.53,3420.94,3500.86,3520.22,3435.32,3321.44,3197.11,3250.26,3194.49,3078.49,3054.93,2917.96,2828.8,2877.91,2942.31,2925.91,3028.58,3080.38,3152.23,3200.9,3332.28,3521.74,3619.36,3778.56,3784.92,3846.68,3868.8,3858.4,3921.5,3957.67,4014.16,4048.48,4123.73,4197.53,4254.22,4235.55,4224.08,4190.73,3915.22,3991.3,4095.69,4140.37,4162.17,4189.77,4203.33,4219.96,4245.03
Angola,3624.01,3381.14,3297.53,3317.73,3394.3,3401.7,3382.97,3415.21,3513.32,3404.7,3179.86,3102.69,2819.25,2063.59,2013.05,2230.64,2447.02,2541.6,2578.81,2555.19,2555.96,2585.16,2840.92,2814.38,2996.57,3316.08,3565.94,3917.65,4195.39,4074.63,4114.67,4102.08,4286.8,4331.31,4374.47,4257.4,4001.3,3856.32,3648.91,3493.91,3184.1,3112.07,3108.68,3081.51,3066.07,3072.34,3060.19,3051.31,3045.41
Antigua and Barbuda,6164.26,6425.86,6444.63,7037.43,7891.07,8503.75,9480.56,10106.27,10631.65,11197.35,11574.67,11851.94,11776.59,12183.45,12774.6,11999.86,12546.83,12974.37,13340.29,13604.09,14257.29,13306.74,13235.85,13836.86,14425,15145.26,16852,18173.6,17932.32,15556.85,14192.56,13735.67,14018.08,13757.97,14102.02,14460.74,15069.1,15354.03,16289.38,16842.91,13730.58,14459.03,15500.78,15669.09,15941.4,16170.29,16407.38,16650.81,16914.58
Argentina,10146.05,9460.02,9236.16,9487.86,9497.55,8875.22,9278.19,9384.63,9145.07,8367.45,8046.39,8658.4,9218.4,9847.3,10290.5,9876.7,10303.06,11009.4,11303.12,10800.53,10597,10021.48,8837.71,9519.49,10268.21,11057.32,11828.58,12774.47,13162.43,12258.64,13364.69,14020.11,13736.69,13928.76,13445.7,13680.35,13269.99,13499.07,13045.92,12651.74,11296,12365.82,12907.03,12899.26,12960.28,13048.25,13146.8,13277.22,13461.81
Armenia,1461.44,1476.37,1491.02,1506.73,1522.63,1539.58,1558.3,1578.28,1598.86,1735.13,1654.63,1436.63,855.27,822.28,902.05,985.18,1046.36,1083.69,1165.21,1204.5,1277.22,1400.09,1586.51,1812.97,2004.76,2285.36,2589.53,2946.68,3152.19,2709.67,2771.35,2903.89,3115.55,3221.41,3341.17,3452.89,3465.61,3732.94,3936.01,4246.11,3953.66,4192.56,4737.89,5098.27,5388.66,5679.15,5967.25,6279.1,6613.57
Australia,31151.14,31571.86,32154.22,31101.89,32231,33570.23,34522.89,34873.7,36274.1,37035.52,37726.26,37032.42,36716.52,37781.14,38898.23,39947.91,40989.04,42101.05,43536.08,45230.24,46452.8,46751.4,48016.3,48864.2,50258.37,51253.98,52002.68,53130.79,53949.03,53879.73,54076.64,54550.6,55732.85,56218.55,56787.05,57230.89,57928.94,58351.41,59150.09,59393.74,57506.67,59692.47,61093.39,61226.34,61932.65,63071.84,64300.28,65509.89,66677.39
Austria,25510.48,25422.5,25899.62,26746.33,26755.66,27403.73,28003.04,28343.16,29196.84,30220.13,31145.12,31823.62,32093.55,31965.26,32574.32,33360.73,34087.71,34762.45,35968.46,37176.13,38339.98,38691.57,39154.79,39342.61,40186.06,40833.78,42054.38,43479.24,43971.46,42207.33,42883.82,43995.62,44097.7,43853.31,43870.76,44061.55,44740.55,45627.53,46526.7,47091.08,43854.59,45779.75,47907.36,47991.71,48374.09,48990.41,49664.36,50308.06,50960.11
Azerbaijan,3002.13,3034.78,3067.83,3100.76,3131.25,3165.67,3205,3244.17,3287.5,3074.99,2743.17,2686.75,2048.05,1550.62,1227.45,1069.38,1071.6,1122.01,1221.56,1299.48,1430.99,1559.89,1694.16,1853.04,2007.16,2542.89,3383.39,4199.77,4595.62,4973.95,5158.99,5026.18,5084.79,5327.72,5422.46,5426.39,5211.14,5172.65,5205.67,5278.15,5017.68,5260.94,5466.06,5539.45,5630.09,5730.04,5835.04,5933.75,6028.21
Bahamas,30592.14,27289.9,28624.25,29153.33,32727.52,33769.61,33896.82,34453.66,34771.06,36566.29,35412.75,33362.68,31548.55,31142.33,31649.2,32578.1,33486.82,33715.95,34867.24,36915.07,37999.7,38575.11,39221.09,38357.13,38338.24,39286.72,39928.31,40145.87,38858.37,36893.91,37114.79,36998.3,37794.19,36350.92,36299.73,36205.82,36065.29,35765.23,36002.13,36327.62,27433.65,30929.7,33126.68,34258.5,34981.34,35529.67,35925.92,36318.36,36679.01
Bahrain,22183.5,20082.37,17863.05,18284.11,18489.16,16963.97,16532.38,17596.17,18181.74,17626.08,17787.79,19147.48,19839.84,21800.74,21176.85,21458.29,21800.96,21946.21,22468.89,22894.92,23559.94,23527.94,22861.77,22242.25,21911.88,21662.28,21460.02,21713.74,21950.74,21779.09,22035.35,21831.85,22035.46,22631.12,23026.98,23114.18,23356.96,23697.42,23630.75,23549.56,21994.02,22251.92,23127.13,23528.33,23952.39,24353.94,24732.06,25100.1,25448.71
Bangladesh,439.34,445.99,444.03,449.91,460.2,464.5,472.78,479.37,479.76,482.22,497.97,504.82,521.24,534.76,544.68,561.69,576.14,590.77,609.62,626.42,648.34,670.27,685.2,707.12,733.81,771.52,812.75,860.32,902.85,938.23,979.28,1031.1,1086.48,1139.65,1196.26,1261.86,1337.86,1420.43,1516.54,1623.81,1663.42,1761.86,1858.78,1927.45,2017.12,2124.19,2228.75,2337.09,2448.38
Barbados,14169.75,13878.8,13140.6,13135.37,13540.97,13629.39,14268.59,14589.76,15053.03,15526.9,14946.25,14304.88,13425.93,13476.64,13699.62,13921.38,14413.42,15026.64,15516.12,15498.92,16118.62,15667.16,15715.52,15980.52,16132.22,16697.33,17609.35,17923.7,17976.83,16998.58,16548.05,16376.32,16243.47,15959.97,15887.54,16224.83,16576.17,16594.75,16441.96,16372.95,14150.21,14083,15429.08,16102.7,16515.42,16849.71,17167.03,17458.29,17702.21
Belarus,2252.14,2305.29,2360.54,2417.14,2474.53,2533.82,2595.94,2662.11,2730.34,2805.26,2887.38,2851.42,2572.03,2371.32,2096.35,1884.43,1943.72,2174.31,2365.54,2452.8,2602.89,2735.12,2885.99,3104.84,3477.63,3823.62,4224.39,4602.01,5082.52,5100.95,5507.97,5815.38,5924.49,5994.93,6109.75,5887.02,5749.87,5908.95,6109.75,6200.27,6175.26,6333.68,6064.12,5935.76,6024.68,6142.76,6261.75,6393.78,6535.01
Belgium,24416.37,24334.34,24469.44,24547.69,25153.69,25561.66,26018.09,26595.58,27812.86,28622.24,29426.62,29860.67,30193.59,29785.14,30632.44,31262.44,31602.52,32734.34,33320.21,34437.88,35620.51,35911.39,36404.35,36631.48,37777.54,38448.59,39181.57,40336.47,40203.58,39081.18,39874.61,40192.13,40139.26,39998.22,40309.09,40811.62,41106.01,41596.2,41930.76,42244.01,39729.59,41974.12,43086.67,43327.11,43621.98,44280.34,44769.5,45259.52,45800.46
Belize,2515.23,2446.8,2366.42,2256.04,2240.83,2191.24,2199.85,2360.29,2513.89,2749.79,2986.35,3245.22,3540.76,3659.04,3565.05,3492.23,3449.77,3480.85,3537.13,3788.87,4204.61,4298.01,4380.98,4657.7,4749.24,4713.75,4813.14,4714.88,4758.42,4652.67,4678.33,4658.22,4664.68,4623.79,4692.17,4728.95,4641.19,4639.48,4650.81,4581.49,3900.45,4418.93,4437.86,4442.29,4478.06,4527.81,4545.15,4563.06,4581.04
Benin,820.25,874.14,866.14,802.94,839.79,874.71,865.66,826.15,827.7,778.84,821.73,828.91,825.8,833.59,818.26,850.19,863.82,886.05,891.97,909.35,931.44,949.21,961.4,963.53,975.76,960.99,967.94,995.53,1011.82,1002.49,990.84,987.14,1000.97,1038.04,1067.71,1050.4,1048.88,1070.88,1104.15,1140.46,1144.93,1186.22,1215.98,1244.42,1276.26,1339.34,1394.31,1438.85,1480.68
Bhutan,352.22,387.38,386.96,416.23,420.45,423.82,458.29,571.1,580.89,606.66,656.09,642.64,698.34,743.04,782.51,850.31,899.19,931.84,969.35,1028.54,1081.26,1152.31,1258.61,1336.13,1395.22,1475.22,1556.36,1817.1,1879.28,1980.5,2189.5,2335.65,2426.19,2448.93,2560.92,2700.56,2888.09,2989.9,3047.81,3176.05,2828.77,2915.24,3011.12,3179.06,3347.39,3515.12,3688.04,3867.14,4051.11
Bolivia,2174.73,2139.86,2020.23,1906.4,1870.99,1808.43,1730.85,1740.36,1754.85,1781.67,1821.51,1872.55,1858.66,1893.81,1938.11,1984.75,2027.46,2083.45,2142.64,2107.11,2115.26,2106.58,2114.7,2128.05,2172.77,2224.58,2286.75,2346.42,2445.21,2482.31,2540.01,2626.97,2715.55,2852.68,2960.22,3055.32,3136.59,3219.26,3305.89,3330.42,2999.53,3144.77,3217.12,3272.09,3328.06,3400.37,3474.78,3550.47,3631.4
Bosnia and Herzegovina,476.24,486.1,498.03,510.59,523.55,536.9,550.83,565.29,580.21,595.89,819.04,740.16,725.94,768.27,670.46,830.08,1563.02,2082.05,2385.89,2548.1,2625.89,2729.35,2870.79,2973.11,3126.68,3386.4,3568.64,3780.1,3988.2,3870.45,3902.19,3940.21,3915.73,4011.48,4061.81,4192.22,4329.85,4428.56,4600.95,4728.39,4581.71,4918.43,5124.63,5229.85,5381.54,5568.93,5774.18,5988.47,6210.71
Botswana,1878.11,1973.91,2131.85,2326.06,2438.35,2526.38,2647.14,2871.22,3325.79,3647.33,3778.81,3942.45,3934.04,3883.27,3902.38,4055.78,4173.96,4403.86,4315.87,4627.03,4621.93,4542.44,4729.05,4861.35,4905.27,5038.76,5364.63,5707.58,5959.51,5409.69,5774.27,6022.04,6187.32,6777.25,6944.87,6718.48,6897.76,6988.4,7190.35,7293,6559.08,7199.95,7552.85,7754.06,7991.47,8227.14,8463.85,8697.79,8929.62
Brazil,6418.22,5992.8,5888.45,5559.25,5721.21,6042.04,6391.25,6490.84,6360.71,6448.4,6139.14,6128,6000.01,6179.77,6408.01,6589.24,6633.99,6757.63,6681.09,6614.97,6806.17,6804.18,6917.45,6905.87,7213.29,7356.53,7562.17,7935.29,8254.33,8163.69,8696.91,8961.96,9055.04,9248.79,9219.85,8823.15,8469.27,8517.4,8567.21,8603.91,8241.76,8633.91,8837.85,8921.96,9063.5,9286.98,9544.28,9800.43,10073.48
Brunei,58958.01,45402.89,45767.88,44630.83,43565.36,41613.07,39241.02,38805.67,38072.02,36594.54,35964.25,36184.63,36978.67,36093.35,36247.29,36885.89,36974.03,35524.22,34482.27,34710.24,34887.62,35052.2,35623.95,35890.89,35354.64,34822.82,35691.13,35101.38,33807.32,32627.39,32895.98,33545.25,33280.41,32029.79,30712.32,30095.46,28880.93,28804.01,28371.78,29019.06,28907.18,28027.18,26514.87,26971.96,27404.53,27827.2,28231.7,28621.87,28989.18
Bulgaria,3368.63,3523.37,3596.44,3712.22,3830.57,3926.63,4084.9,4325.86,4793.93,4632.07,4255.2,3949.86,3710.78,3749.67,3853.77,4001.87,4248.51,3682.75,3880.49,3590.01,3790.15,3965.76,4235.71,4489.4,4814.2,5195.54,5587.63,5992.8,6395.09,6207.26,6273.77,6456.71,6517.13,6574.47,6735.89,7044.87,7356.62,7661.11,7946.94,8267.77,7987.9,8612.67,8998.76,9122.17,9432.2,9810.77,10233.15,10624.75,11009.94
Burkina Faso,340.68,346.61,370.44,362.43,346.93,366.72,384.97,372.73,382,377.61,363.07,382.95,371.11,371.21,362.85,370.56,397.56,413.09,432.91,451.71,446.92,459.44,458.07,476.51,484.68,512.56,529.88,536.53,551.75,551.95,581.4,601.99,621.53,637.92,646.46,652.51,671.8,693.21,720.13,740.65,735.13,765.71,765,780.19,805.09,831.48,855.38,877.96,899.43
Burundi,359.83,388.51,376.27,381.2,373.86,410.06,416.31,429.71,441.16,438.03,443.91,456.09,447.75,436.7,418.99,361.52,332.45,326.88,334.65,321.92,311.32,308.68,312.55,298.56,301.21,292.78,297.85,297.24,299.45,295.83,297.4,299.56,302.98,307.78,311.22,293.52,287.81,283.15,280.78,278.56,271.78,267.73,263.29,261.57,264.25,271.07,277.85,284.34,290.7
Cabo Verde,580.67,621.87,631.26,682.15,698.24,748.05,758.86,780.56,815.78,850.26,844.58,838.98,905.51,958.16,1112.56,1239.33,1347.19,1462.88,1610.23,1753.97,1965.12,1970.84,2036.02,2083.18,2256.07,2372.03,2520.11,2856.53,2999.44,2916.65,2915.93,2987.95,2977.2,2958.84,2935.52,2924.58,3021.04,3091.64,3189.65,3327.07,2799.4,2956.96,3438.02,3546.53,3673.5,3806.22,3945,4089.37,4239.03
Cambodia,429.03,438.52,446.88,454.85,467.85,482,490.04,496.22,535.73,534.64,521.83,541.82,554.92,543.21,342.83,368.07,381.28,388.53,399.13,442.07,481.63,509.72,535.17,572.08,622.12,694.62,757.97,821.98,862.01,847.62,882.79,929.25,980.47,1035.1,1090.9,1149.04,1210.68,1273.73,1348.56,1422.86,1361.3,1386.24,1439.51,1504.08,1579.7,1664.54,1756.32,1850.32,1947.51
Cameroon,1205.75,1357.95,1423.34,1488.61,1553.4,1625.18,1679.1,1590.99,1421.67,1353.59,1232.09,1149.09,1080.02,964.66,956.03,960.47,973.72,995.86,1011.86,1026.42,1034.16,1050.29,1064.74,1082.87,1125.34,1117.57,1125.57,1148.16,1154.4,1146.5,1152.85,1167.94,1188.26,1218.46,1251.07,1280.36,1301.17,1311.43,1328.82,1344.42,1314,1324.67,1337.62,1357.45,1379.83,1405.17,1433.77,1458.9,1480.21
Canada,25376.96,25935.15,24807.75,25198.71,26432.65,27428.96,27736.96,28490.59,29365.35,29514.06,29125.13,28185.61,28013.94,28353.64,29246.69,29670.7,29813.93,30803.47,31409.88,32372.39,33659.36,33830.93,34696.49,35738.3,36853.45,38389,39641.24,41938.08,41869.61,40151.09,40902.18,41704.3,41948.85,42426.23,43202.25,43100.5,43131.9,44103.19,44612.29,44979.06,42357.31,44135.96,45289.52,45596.32,46015.93,46574.06,47178.19,47740.39,48309.86
Central African Republic,573.67,549.83,576.77,516.2,546.67,550.37,557.49,517.73,512.81,508.54,483.89,467.64,425.27,413.96,421.86,442.22,415.48,427.38,436.79,441.9,421.08,431.85,439.39,407.14,424.12,420.69,432.25,442.73,442.33,470.12,481.43,490.97,504.86,314.34,307.95,314.53,322.55,332.44,341.46,346.52,343.6,340.8,336.44,337.79,345.17,353.59,361.44,368.55,374.34
Chad,323.39,327,328.31,361.25,364.34,439.75,409.44,386.15,432.31,440.43,412.5,433.43,450.12,383.32,414.77,403.09,395.4,404.92,419.45,402.82,385.94,416.46,435.56,478.68,609.84,685.53,664.14,661.23,656.67,659.09,721.77,696.28,731.01,744.67,767.25,763.11,692.63,649.75,643.92,643.82,610.25,584.81,585.91,588.11,591.13,591.96,594.07,596.38,598.7
Chile,4951.13,5190.52,4540.38,4238.49,4339.63,4441.71,4606.28,4824.61,5092.28,5501.37,5582.67,5908.11,6451.73,6759.92,6983.02,7488.55,7880.77,8345.64,8587.05,8439.62,8781.35,8969.06,9148.14,9424.98,10006.48,10481.49,11039.14,11472.08,11762.86,11466.63,12022.38,12640.07,13193.51,13607.93,13731.15,13931.66,14056.16,14112.64,14559.34,14605.33,13573.79,15087.74,15361.02,15242.57,15441.48,15706.96,16018.88,16369.55,16744.17
China,427.91,444.46,476.71,520.16,590.58,660.24,708.14,776.94,849.28,870.76,890.79,960.95,1084.65,1221.41,1365.93,1499.89,1633.42,1769.49,1893.89,2025.38,2184.12,2353.16,2554.46,2796.42,3063.38,3394.39,3805.37,4323.5,4715.86,5132.95,5651.5,6162.39,6616.11,7097.87,7590.92,8088.97,8604.86,9164.13,9744.8,10303.39,10507.02,11370.31,11682.92,12305.44,12930.91,13551.81,14190.26,14842.36,15509.59
Colombia,3235.11,3237.81,3196.73,3175.28,3209.43,3236.61,3350.46,3453.7,3516.51,3559.27,3634.81,3632.5,3704.1,3827.6,3973.19,4106.18,4126.66,4208.98,4176.06,3955.76,4035.2,4060.94,4111.13,4214.39,4377.19,4526,4765.85,5021.17,5120.67,5115.44,5281.53,5582.78,5735.36,5963.02,6164,6279.47,6344.82,6356.98,6443.41,6584.15,6032.23,6650.3,7104.89,7105.95,7198.52,7408.07,7667,7926.38,8194.81
Costa Rica,6400.31,6101.22,5500.19,5498.92,5770.7,5643.73,5783.25,5894.39,5938.06,6113.34,6176.9,6174.41,6581.92,6857.58,6962.88,7052.99,6956,7162.18,7478.41,7596.51,7720.27,7841.05,7968.76,8179.97,8405.28,8602.03,9092.68,9696.01,10003.38,9768.86,10113.73,10410.24,10768.93,10873.52,11115.41,11378.14,11719.09,12028.87,12207.67,12323.2,11668.69,12444.08,12846.94,13139.12,13507.22,13863.42,14178.45,14501.64,14846.92
Côte d'Ivoire,2694.39,2703.79,2627.42,2449.04,2311.35,2342.79,2346.21,2267.25,2209.15,2178.31,2017.95,1903.75,1842.23,1770.21,1701.64,1756.53,1838.59,1858.61,1906.67,1888.91,1802.79,1759.09,1689.59,1626.29,1600.83,1584.71,1566,1549.49,1544.8,1553.1,1545.52,1446.15,1565.05,1661.44,1763.41,1873.4,1959.91,2054.57,2144.04,2239.27,2232.25,2336.41,2429.54,2519.9,2609.42,2708.1,2803.42,2891.28,2973.48
Croatia,6981.71,7136.42,7191.65,7418.64,7780.49,8133.58,8163.56,8378.43,8206.21,8368.21,9450.89,7404.75,6610.16,7320.81,7323.51,7376.51,7869.15,8440.26,8658.06,8610.35,8887.72,9126.38,9541.99,10083.43,10501.6,10953.35,11504.64,12119.37,12341.22,11446.73,11304.69,11304.98,11087.07,11063.03,11098.24,11425.09,11882.16,12315.8,12710.22,13148.16,12079.45,13725.39,14664.49,14925.9,15386.22,15848.91,16319.7,16795.35,17267.99
Cuba,3665.55,4360.82,4708.05,4915.12,5253.72,5284.15,5238.03,5064.53,5200.02,5181.89,4977.98,4404.12,3863.86,3267.92,3278.34,3350.27,3599.08,3682.1,3671.17,3883.09,4098.41,4216.84,4264.96,4414.55,4661.31,5180,5805.68,6230.04,6488.33,6581.24,6737.71,6925.36,7135.52,7338.82,7423.95,7769.99,7833.69,7998.82,8201.58,8258.72,7377.1,7490.77,7657.41,7842.41,8010.66,8205.78,8426.24,8662.64,8914.36
Cyprus,8591.75,8700.63,9120.55,9465.79,10117.95,10436.13,10647.1,11217.49,11992.45,12699.09,13306.32,13034.25,13857.21,13587.4,14051.56,14900.73,14790.83,14913.07,15578.62,16120.2,16843.99,17266.59,17641.15,17769.16,18236.21,18675.71,19171.2,19805.17,20182.79,19449.15,19518.39,19285.22,18332.83,16874.48,16319.1,16632.36,17513.28,18036.99,18531.63,18898.63,17864.48,18838.85,19691.16,19908.68,20250.04,20721.69,21144.93,21543.5,21928.58
Czech Republic,8979.09,9248.55,9529.22,9820.9,10122.34,10434.45,10758.56,11088.33,11428.84,11781.66,11616.98,10272.01,10209.54,10205.24,10498.35,11158.33,11643.08,11586.32,11559.19,11736.8,12251.33,12630.54,12857.29,13317.27,13958.9,14842.2,15808.13,16589.08,16887.13,15980.07,16292.84,16547.47,16386.47,16279.46,16693.64,17551.22,17954.18,18712.59,19225.41,19702.54,18603.96,19246.17,19714.53,19722.27,20272.66,20877.1,21452.43,22010.75,22539.54
Democratic Republic of Congo,928.41,924.87,895.38,884.96,908.12,884.85,898.61,893.59,869.27,831,751.06,664.67,575.94,481.75,447.15,432.12,418.9,388.21,372.89,345.99,312.31,296.37,295.78,303.16,314.14,323.24,329.69,339.06,348.42,346.54,358.71,370.17,382.88,401.21,424.27,438.55,434.15,435.6,446.33,451.26,444.71,455.45,468.25,482.84,499.84,518.01,535.29,552.94,570.11
Denmark,32073.64,31869.04,33067.57,33949.33,35382.23,36783.94,38536.32,38585.4,38561.41,38786.94,39295.13,39739.2,40383.38,40255.42,42261.78,43316.55,44323.2,45581.54,46424.75,47637.34,49262.22,49492.89,49566.93,49630.62,50827.7,51873.42,53727.73,53967.87,53366.08,50469.91,51179.95,51645.48,51558.74,51811.13,52370.14,53210.39,54505.15,55229.23,56199.8,57215.52,55809.78,58264.03,60222.66,60469.59,60994.64,61898.1,62869.46,63808.74,64698.5
Djibouti,2779.35,2711.01,2669.14,2600.29,2583.5,2527.01,2406.98,2342.38,2326.78,2136.69,1416.12,1240.38,1324.86,1421.85,1355.79,1415.85,1307.36,1312.02,1249.7,1235.67,1201.44,1181.38,1179.82,1262.48,1366.35,1391.06,1538.31,1579.78,1624.11,1810.5,1979.62,2184.62,2416.53,2677.81,2803.28,2952.31,3088.11,3175.62,3284.3,3393.03,3362.6,3481.08,3535.35,3647.29,3792.96,4013.26,4244.39,4486.21,4742.06
Dominica,2936,3270.24,3391.66,3456.22,3615.52,3711.23,4013.82,4300.51,4667.66,4713.52,5004.41,5063.69,5154.95,5255.86,5220.36,5340.96,5539.76,5718.17,5954.55,5949.6,6048.38,6011.47,5814.8,6166.99,6337.54,6362.15,6647.31,7056.96,7545.19,7441.94,7476.27,7443.61,7348.97,7259.6,7565.68,7346.27,7518.76,6995.72,7143.18,7537.6,6279.24,6693.25,7022.68,7307.96,7623.16,7912.56,8106.34,8276.75,8425.88
Dominican Republic,2774.84,2826.87,2809.54,2874.68,2848.97,2730.56,2769.24,2988.51,2993.18,3065.08,2844.73,2820.63,3084.12,3259.59,3293.99,3427.69,3575.61,3833.26,4028.03,4202.5,4332.12,4372.17,4501.3,4376.82,4426.29,4777.31,5145.98,5455.66,5559.32,5542.55,5932.55,6045.33,6136.11,6361.65,6735,7124.95,7520.8,7791.87,8252.97,8588.39,7935.02,8824.09,9169.35,9523.18,9838.94,10211.61,10588.72,10977.39,11380.33
Ecuador,4266.53,4383.92,4292.37,4164.58,4161.41,4212.59,4246.36,4127.05,4259.07,4193.12,4233.74,4368.05,4408.05,4411.48,4491.22,4489.23,4463.61,4551.75,4599.74,4303.99,4288.92,4396.41,4505.82,4541.1,4805.82,4951.25,5074.66,5105.86,5347.4,5297.01,5403.11,5744.06,5981.91,6190.08,6336.38,6257.12,6098.75,6162.82,6163.84,6091.63,5550.28,5718.1,5819.79,5889.64,5967.73,6073.61,6174.56,6278.48,6384.16
Egypt,1490.52,1543.5,1641.25,1673.17,1781.12,1827.72,1857.26,1897.6,1969.46,2034.05,2109.49,2094.52,2156.36,2187.17,2241.43,2311.61,2391.33,2472.25,2557.88,2658.34,2770.82,2810.93,2818.54,2847.28,2902.34,2970.5,3108.83,3258.6,3415.13,3493.55,3586.5,3559.57,3546.84,3532.54,3543.4,3604.65,3667.16,3727.09,3831.58,3950.71,4012.79,4068.91,4264.04,4361.21,4473.93,4621.58,4802.37,4977.78,5144.85
El Salvador,2871.73,2600.45,2458.12,2470.05,2466.55,2440.68,2400.46,2414.21,2415.29,2396.9,2470.89,2466.1,2594.36,2722.33,2819.46,2908.97,2889.84,2943.45,2983.43,3008.8,3012.05,3022.75,3063.71,3105.48,3129.2,3207.46,3343.19,3402.16,3476.34,3392.3,3456.31,3577.92,3649.02,3676.81,3704.75,3777.06,3846.59,3898.47,3952.93,4009.89,3665.99,4046.13,4125.65,4180.28,4231.64,4326.78,4421.18,4518.26,4622.07
Equatorial Guinea,515.94,514.05,500.14,500.47,481.33,525.8,500.53,509.28,509.16,489.61,468.16,450.89,591.05,638.32,724.23,827.34,1339.87,3255.7,3916.54,4782.77,5493.47,8719.13,10119.2,11205.1,15028.57,17056.41,17862.86,20029.32,22955.34,22640.03,20072.62,20821.44,21968.23,20521.47,20085.87,17800.37,15831.18,14571.28,13318.57,12279.51,11233.3,11098.83,11191.56,10473.01,10145.72,10065.66,9998.12,9939.88,9891.58
Eritrea,492.73,489.35,486.06,482.72,479.42,476.07,496.45,518.36,514.61,510.54,513.59,585.19,666.41,722.65,781.95,896.04,875.91,930.82,976.14,972.31,954.48,813.72,852.11,838.36,778.65,763.48,734.83,726.84,638.07,645.35,644.62,685.64,720.58,740.89,750.87,762.85,770.77,802.68,829.07,847.09,804.84,814.69,827.54,841.01,858.46,876.77,895.97,915.45,934.43
Estonia,8589.6,8647.56,9075.3,9345.04,9534.6,9506.91,9538.26,9795.81,10031.14,10327.38,9614.11,8900.43,7157.84,6712.08,6709.32,7114.97,7563.85,8638.25,9091.94,9128.34,10124.37,10810.25,11631.73,12602.51,13547.03,14929.05,16488.4,17829.16,16981.85,14575.82,15020.71,16208.28,16823.28,17171.3,17785.39,18214.4,18795.84,19988.37,21063.48,22112.23,22150.78,24085.2,23995.14,23852.99,24736.65,25840.36,26773.58,27772.19,28836.04
Ethiopia,303.01,289.48,279.12,293.23,289.15,253.07,271.12,298.58,289.84,279.59,278.63,249.1,219.94,242.92,244.05,251.53,274.98,276.4,260.25,266.82,275.91,291.33,288.16,274.57,303.66,330.69,356.92,387.24,417.55,442.1,484.09,523.23,552.47,594.01,636.36,682.61,726.68,774.71,805.66,850.01,878.73,904.82,916.18,941.5,975.27,1017.34,1063.63,1106.26,1149.51
Fiji,3625.29,3781.66,3490.1,3287,3491.89,3267.08,3450.92,3192.72,3193.51,3399.87,3565.04,3438.34,3616.23,3661.21,3814.8,3876.79,4029.64,3907.28,3922.7,4233.8,4131.55,4184.06,4286.54,4295.17,4486.6,4481.63,4524.69,4443.2,4445.16,4343.35,4433.48,4516.58,4544.65,4724.24,4953.34,5149.11,5244.24,5495.17,5656.33,5685.78,4684.35,4424.65,5043.67,5419.02,5737.1,6000.8,6223.87,6428.44,6633.54
Finland,23911.81,24123.48,24734.25,25353.44,26034.92,26848.77,27500.96,28401.14,29792.91,31208.67,31266.9,29265.87,28148.75,27831.15,28813.72,29919.48,30921.88,32790.28,34495.14,35928.34,37925.42,38827.18,39395.71,40089.55,41569.38,42579.51,44126.22,46269.3,46416.12,42464.12,43616.84,44520.05,43689.16,43096.04,42749.81,42805.08,43795.09,44986.42,45562.66,45862.57,44655.54,45883.23,46677.28,46457.71,46737.98,47294.86,47772.04,48297,48875.99
France,23561.57,23688.26,24150.33,24347.03,24574.85,24864.12,25338.39,25866.02,26965.82,27860.2,28502.44,28629.51,28915.06,28580.9,29117.52,29594.31,29876.68,30437.54,31385.31,32303.82,33395.88,33864.55,34051.39,34139.8,34900.58,35266.5,35904.18,36546.7,36430.27,35186.44,35673.02,36256.88,36184.99,36216.44,36393.11,36635.16,36880,37574.06,38102.49,38537.77,35370.05,37637.68,38473.9,38585.93,38758.68,39230.24,39607.13,39962.53,40321.11
Gabon,9541.59,9786.44,9181.58,9380.5,9748.3,9195.96,8834.56,7135.61,7877.32,8366,8612.81,8919.44,8568.05,8503.48,8680.11,9028.93,9183.38,9488.42,9596.53,8493.99,8082.02,8057.61,7866.06,7865.66,7701.27,7657.94,7203.76,7371.1,6873.36,6635.58,6848.66,7086.45,7207.08,7337.35,7386.57,7421.77,7341.79,7161.23,7021.49,7070.46,6769.73,6707.46,6724.63,6762.4,6814.67,6862.05,6904.53,6951.77,6999.34
Gambia,733.73,736.74,710.51,765.65,760.41,723.52,722.46,710.08,711.66,722.92,718.12,710.21,704.21,696.35,670.82,652.34,644.13,653.92,656.15,678.01,695.82,716.77,675.34,702.97,733.02,697.33,675.74,678.72,703.21,731.7,756.31,678.43,697.47,701.28,676.15,688.51,687.24,705.66,736.89,765.83,751.71,765.29,781.36,806.68,834.15,863.97,894.35,925.91,955.87
Georgia,3508.52,3673.34,3726.25,3864.04,4049.43,4223.98,3859.33,3893.14,4047.42,3702.02,3135.36,2474.12,1378.28,993.42,911.34,954.4,1077.45,1202.7,1248.67,1292.58,1325.45,1396.55,1478.65,1650.55,1749.06,1897.93,2059.17,2321.25,2377.71,2275.77,2394.79,2553.56,2709.65,2812.39,2940.77,3032.5,3122.65,3274.97,3434.55,3609.94,3363.89,3710.09,4085.84,4286.17,4446.76,4614.07,4721.53,4834.85,4960.68
Germany,23722.62,23816.56,23742.68,24181.95,24949.62,25586.47,26162.1,26527.29,27400.62,28245.92,29454.78,30725.68,31079.7,30572.57,31197.32,31583.21,31750.35,32269.22,32915.69,33517.56,34442.26,34968.71,34841,34573.06,34991.8,35264.83,36651.41,37795.37,38238.8,36160.6,37760.91,39325.84,39571.45,39818.58,40780.49,41562.98,42559.11,43682.95,44429.97,44765.27,42940.64,44097.7,44980.07,45112.18,45660.91,46434.03,47276.54,48033.73,48754.95
Ghana,936.9,887.37,806.38,720.14,741.05,753.47,760.68,777.64,801.88,823.23,831.62,856.62,871.17,891.2,899.83,920.64,946.85,969.51,996.52,1020.79,1037.96,1057.98,1082.55,1114.47,1151.87,1193.43,1241.8,1267.27,1353.43,1388.37,1465.05,1633.65,1746.02,1833.01,1845.23,1844.63,1867.06,1970.45,2044.11,2125.76,2087.73,2149.99,2185.55,2201.97,2240.86,2296.58,2349.97,2405.21,2459.39
Greece,15378.37,15004.3,14733.72,14480.95,14688.42,14988,15008.72,14621.75,15221.64,15709.42,15541.33,15818.47,15786.94,15427.55,15644.28,15885.51,16255.21,16885.5,17428.54,17882.06,18492.67,19138.55,19841.52,21010.6,22094.25,22244.48,23512.31,24289.89,24177.34,23076.31,21783.65,19834.27,18502.78,18028.09,18281.04,18324.8,18331.12,18617.42,19029.39,19441.21,17803.94,19309.62,20550.55,21101.12,21568.34,22217.9,22693.76,23172.24,23637.55
Grenada,3619.41,3587.79,3733.34,3864.27,3993.02,4217.19,4496.67,4879.15,5012.07,5199.98,5414.32,5497.74,5417.08,5249.41,5283.57,5341.26,5526.81,5750.73,6374.34,6773.58,7061.03,6871.8,7070.61,7703.44,7605.79,8563.99,8174.39,8618.82,8645.94,8025.66,7938.78,7955.17,7820.57,7962.18,8503.32,9006.88,9299.24,9668.95,10026.39,10298.03,8847.62,9229.32,9743,10013.71,10244.26,10463.79,10687.54,10922.2,11151.11
Guatemala,3410.58,3342.62,3152.84,3003.31,2943.82,2852,2781.38,2802.57,2832.39,2861.47,2867.46,2891.02,2947.7,2977.98,3011.34,3072.27,3076.48,3125.28,3195.7,3233.87,3281.9,3291.57,3338.12,3341.38,3361.85,3385.56,3483.83,3620.27,3656.45,3596,3619.53,3690.25,3721.49,3781.6,3872.67,3954.94,3987.65,4037.08,4095.71,4181.67,4038.77,4291.21,4397.16,4486.45,4553.17,4642.66,4711.15,4776.2,4837.43
Guinea,603.2,595.81,595.42,592.07,574.49,572.54,573.4,579.45,602.55,612.91,607.67,582.56,580.97,594.96,600.84,609.5,616.68,643.33,658.47,663.57,665.35,686.07,713.78,703.56,703.07,710.37,704.48,734.67,745.65,718.6,734.03,755.18,779.27,789.11,796.67,805.01,868.22,932.27,963.09,989.18,1009.6,1018.95,1036.84,1055.1,1072.78,1089.91,1106.46,1121.53,1136.8
Guinea-Bissau,508.42,587.23,597.97,564.43,601.7,612.32,593.39,596.4,609.23,631.97,656.06,675.6,668.4,665.39,670.69,689.02,757.38,790.93,559.69,556.23,574.21,574.49,556.7,547.67,550.4,560.99,560.78,565.59,569.98,575.34,587.98,621.02,596.62,601.98,593.59,615.16,637.99,659.36,667.75,681.32,674.43,690.53,694.84,706.58,715.71,724.94,734.97,739.99,743.59
Guyana,2335.09,2362.01,2047.96,1910.61,1814.74,1857.87,1838.4,1851.1,1779.03,1687.08,1629.13,1730.09,1872.24,2026.44,2197.34,2303.5,2487.91,2643.56,2585.37,2636.85,2583.08,2640.12,2682.75,2676.45,2720.19,2678.15,2839.32,3065.05,3150.24,3285.2,3442.39,3640.1,3847.85,4052.69,4217.83,4348.65,4490.7,4585.93,4772.18,4992.01,6971.48,8430.18,13517.49,17149.59,24502.33,29378.52,36295.75,37633.35,38682.88
Haiti,1410.45,1342.78,1269.07,1254.67,1232.55,1214.22,1183.09,1149.55,1129.88,1075.7,1064.47,1064.69,988.9,914.77,787.75,846.65,862.72,867.49,867.99,873.5,864.28,839.98,823.16,811.21,768.43,768.45,772.44,785.69,780.34,792.39,775.55,808.55,821.43,845.21,857.85,850.85,844.13,841.19,842.52,823.98,786.5,762.92,740.93,732.9,732.59,733.35,742.39,751.93,761.6
Honduras,1913.54,1815.07,1715.83,1673.78,1717.68,1750.02,1777.98,1832.47,1805.86,1798.84,1795.75,1687.07,1737.8,1796.57,1747.79,1802.05,1783.61,1814.03,1828.02,1770,1848.64,1850.14,1872.89,1911.17,1982.5,2053.92,2139.76,2223.03,2268.73,2169.36,2207.31,2249.86,2301.25,2325.71,2364.02,2422.38,2485.32,2574.2,2632.76,2667.9,2398.35,2665.99,2625.28,2681.46,2741.09,2801.26,2863.22,2925.52,2989.18
Hong Kong,12553.09,13397.28,13580.01,14174.67,15435.95,15386.62,16876.22,18932.06,20383.26,20728.38,21419.33,22388.57,23471.28,24489.66,25402.02,25346.38,25739.48,26617.97,24865.84,25277.07,26970.08,26882.65,27144.76,27823.77,30018.76,31974.03,33971.89,35917.41,36511.34,35601.6,38062.64,39889.58,40453.03,41518.3,42483.01,43324.33,44101.84,45621.95,46786.79,46107.44,42988.81,45666.03,43983.64,46214.33,47653.58,48938.41,49934.84,50882.65,51849.42
Hungary,6782.21,6976.8,7178.8,7242.07,7448.81,7444.04,7574.01,7890.57,8190.05,8287.81,8016.1,7581.87,7360,7355.15,7596.54,7721.5,7744.07,8010.7,8346.9,8627.59,9035.52,9419.88,9883.24,10308.11,10826.04,11302.27,11771.16,11813.83,11955.23,11169.12,11260,11483.54,11334.53,11579.1,12089.59,12581.89,12888.32,13479.25,14202.77,14942.91,14273.23,15344.42,16096.81,15990.86,16552.88,16863.27,17213.07,17575.64,17963.85
Iceland,29753.66,30667.54,30900.67,29847.66,30761.26,31523.44,33280.1,35876.61,35097.22,34789.61,34923.8,34559.19,33112.01,33257,33834.94,33690.53,35038.46,36757.46,38962.18,40057.91,41455.23,42501.8,42397.86,43049.79,46103.95,48258.82,49615.41,52910.61,52966.27,49207.63,47595.98,48350.42,48720.4,50230.92,50631.76,52389.75,55203.03,57054.5,58579.23,59071.26,54236.67,56034.09,59083.32,60483.29,61060.89,61959.73,62943.85,63942.96,65022.43
India,395.6,410.81,416.41,437.68,444.94,458.71,471.03,480.06,516.01,536.17,555.08,550.72,569.97,585.85,613.22,647.48,683.63,698.5,728.59,779.3,795.52,820.05,837.34,888.67,943.98,1003.07,1067.63,1132.54,1150.68,1223.62,1309.25,1359.26,1414.52,1485.46,1575.48,1680.59,1797.53,1901.7,1995.17,2072.28,1930.21,2089.23,2215.27,2315.36,2438.88,2567.44,2710.57,2858.62,3011.91
Indonesia,1052.11,1112.25,1114.33,1138.07,1193.87,1200.21,1247.54,1285.62,1335.86,1410.3,1486.32,1561.95,1635.42,1712.81,1811.43,1927.57,2043.31,2105.06,1800.41,1786.45,1845.07,1884.95,1942.22,2007.08,2079.61,2170.74,2261.02,2374.82,2487.59,2572.72,2702.44,2838.36,2978.29,3112.32,3236.58,3362.79,3500.29,3643.08,3796.55,3952.18,3837.59,3946.92,4123.37,4283.56,4455.93,4646.87,4846.96,5053.94,5264.73
Iran,3766.25,3421.22,4174.16,4353.18,3817.76,3753.39,3247.06,3158.91,2898.18,2986.94,3269.32,3530.59,3544.99,3561.85,3496.93,3533.09,3672.45,3644.55,3678.62,3668.13,3841.01,3826.69,4072.6,4355.34,4501.2,4588.15,4760.32,5084.64,5033.49,5018.19,5241.72,5322.75,4872.95,4801.79,4951.57,4816.23,5389.98,5521.38,4725.74,4358.35,4383.56,4531.91,4588.57,4671.14,4792.08,4926.52,5097.59,5264.47,5410.85
Iraq,3251.43,3116.96,3117.04,2620.98,2495.48,2445.76,2472.2,2653.92,2570.98,2412.5,3686.09,1375.36,1783.89,2255.83,2273.11,2251.49,2424.19,2850.9,3730.19,4255.81,4188.01,4158,3747.47,2430.01,3637.15,3681.83,4029.02,4127.13,4377.01,4354.38,4483.77,4658.22,5078.89,5221.59,5090.6,5093.47,5741.68,5480.54,5329.56,5442.01,4722.52,4753.42,5030.17,5055.23,5063.05,5143.74,5152.03,5167.2,5187.48
Ireland,16676.96,17019.33,17224.88,17065.11,17682.03,18170.99,18090.6,18937.39,19983.58,21244.12,23075.6,23370.52,23968.63,24472.4,25757.23,28095.42,29993.49,32856.85,35264.39,38484.8,41598.3,43222.92,45078.28,45638.47,47646.53,49066.86,50240.83,51587.38,48210.18,45139.11,45529.45,45215.75,44827.86,44920.51,48191.26,59583.33,61024.19,65228.23,69770.06,72854.27,76177.91,85541.13,95039.34,95688.78,97605.02,98718.88,99830.08,101018.53,102221.13
Israel,20150.41,20872.99,20995.64,21325.76,21142.8,21609.13,22124.69,23303.71,23577.91,23311.83,24329.32,25237.44,26214.85,26332.37,27316.1,28147.19,28693.78,29051.23,29413.58,29554.99,30953.62,30309.82,29740.78,29461.2,30110.03,30707.74,31826.74,33060.07,33444.69,33145.36,34355.88,35333.05,35466.6,36275.59,37002.36,37247.04,38136.98,38886.92,39627.18,40412.35,39076.04,41866.8,43888.25,44327.8,44915.53,45559.95,46267.25,46997.31,47738.89
Italy,21779.79,21943.74,22022.85,22244.45,22936.28,23565.18,24239.42,25016.4,26065.2,26948.28,27482.4,27904.57,28041.34,27715.7,28256.67,29023.46,29334.02,29825.77,30326.7,30772.41,31866.54,32406.12,32406.93,32307.6,32555.47,32642.82,33095.56,33388.39,32811.54,30888.45,31269.04,31351.98,30296.04,29631.35,29534.97,29680.64,29990.64,30429.93,30621.69,30672.51,27949.23,29964.67,31162.81,31553.59,31769.12,32161.6,32552.74,32910.82,33207.02
Jamaica,3713.34,3761.46,3772.57,3811.99,3720.72,3579.52,3614.68,3864.02,3982.36,4231.13,4359.39,4507.56,4533.23,4893.11,4894.32,4942.89,4872.55,4755.4,4587.24,4580.48,4572.85,4593.18,4662.55,4829.83,4891.7,4935.06,5079.57,5155.67,5119.04,4903.8,4840.28,4934.03,4913.58,4946.55,4987.47,5038.44,5110.58,5163.02,5263.31,5299.18,4757.88,4974,5228.94,5335.72,5412.76,5516.48,5620.23,5721.29,5818.45
Japan,18946.35,19602.77,20114.15,20680.5,21473.84,22462.98,23069.31,24042.02,25564.05,26698.29,27907.1,28761.84,28908.71,28676.11,28889.46,29615.22,30462.89,30715.41,30293.74,30151.43,30925.3,30969.62,30942.19,31370.51,32026.6,32553.59,33012.7,33545.27,33176.18,31399.73,32748.01,32738.34,33254.28,33950.11,34117.46,34584.68,34824.88,35649.32,35848.95,36187.75,34735.99,35643.2,36145.38,36681.16,37292.03,37828.27,38350.52,38890.12,39437.32
Jordan,4105.51,4123.52,4249.24,4166.89,4357.77,4342.1,4479.32,4449.87,4220.84,3527.48,3295.45,3014.34,3357.42,3409.15,3492.13,3630.08,3617.19,3648.69,3670.03,3706.64,3774.36,3881.74,4012.62,4085.31,4328.91,4562.54,4530.47,4525.64,4735.63,4887.6,4894.15,4903.49,4952.03,4593.58,4128.95,3931.02,3864.69,3866.78,3862.54,3861.76,3748.87,3800.27,3863.92,3925.59,3991.68,4036.68,4063.62,4087.59,4115.75
Kazakhstan,4761.78,4843.36,4927.83,5015.58,5105.39,5198.78,5295.31,5391.92,5513.16,5650.88,5682.64,5019.5,4735.97,4316.1,3826.45,3571.23,3622.98,3726.84,3704.87,3836.7,4218.67,4773.07,5219.21,5675.73,6179.32,6722.35,7368.04,7937.95,8106.42,8099.76,8578.35,9096.18,9414.46,9858.43,10151.2,10155.16,10153.22,10457.84,10777.58,11156.24,10780.83,11150.6,11427.99,11733.82,12105.29,12465.71,12804.12,13135.04,13448.4
Kenya,1094.13,1091.56,1065.85,1039.38,1018.72,1024.46,1059.97,1085.36,1115.52,1131.57,1143.54,1123.89,1075.56,1046.75,1048.48,1066.71,1082.13,1058.25,1063.32,1058.41,1036.17,1045.21,1020.66,1020.15,1040.43,1068.76,1103.23,1143.18,1111.17,1113.24,1171.31,1205.48,1224.37,1263.09,1297.49,1338.06,1384.61,1419.18,1474.88,1519.56,1482.75,1560.07,1600.46,1638.58,1693.55,1746.29,1801.96,1860.26,1920.45
Korea,4055.77,4282.37,4568.3,5103.57,5572.83,5950.76,6559.24,7321.34,8119.22,8607.87,9365.46,10262.14,10774.65,11393.54,12334.9,13405.09,14347.41,15119.71,14237.33,15755.93,17053.24,17751.91,19019.65,19528.29,20460.26,21279.98,22318.79,23471.97,24030.13,24098.69,25603.93,26386.42,26876.99,27594.83,28318.88,28942.07,29631.66,30437.85,31148.01,31695.45,31386.5,32600.35,33359.26,33797.33,34610.08,35311.87,35995.61,36642.24,37263.91
Kuwait,31817.35,24639.79,20663.22,21819.54,21960.21,19866.34,20655.36,21415.94,18485.01,22346.06,16710.75,22327.74,26084.46,32946.78,33746.57,33493.44,32217.46,31896.64,32031.51,30531.21,31058.11,30272.86,30353.52,34672.04,37222.91,40088.68,41980.91,43392.76,43419.87,39442.72,37687.64,40481.38,42336.87,42044.89,41525.3,41085.14,41626.8,39075.01,39003.26,38639.78,34771.7,35508.57,37121.49,36810.33,38099.83,39215.18,39812.32,40285.34,40604.43
Kyrgyzstan,928.89,937.93,946.13,953.09,959.81,967.05,1000.77,1010.13,1122.53,1135.65,1178.77,1069.7,912.82,773.28,618.97,579.73,612.13,663.61,668.38,683.39,712.7,744.64,739,783.86,830.05,820.45,838.04,902.22,970.07,986.98,972.83,1023.16,1013.71,1113.96,1147.17,1178.86,1216.53,1260.67,1294.62,1339.55,1215.33,1278.49,1356.33,1404.33,1452.8,1494.86,1530.82,1568.82,1609.33
Laos,98.84,112.49,566.3,572.83,588.31,604.54,616.44,590.76,562.8,624.82,648.2,657.29,674.59,694.66,730.52,760.21,796.21,832.86,847.02,888.58,920.67,955.72,997.86,1044.18,1092.77,1152.33,1231.72,1302.32,1379.14,1456.14,1552.69,1649.26,1752.13,1861.97,1971.74,2082.09,2194.17,2309.44,2416.39,2490.71,2535.19,2587.06,2616.11,2661.91,2725.28,2807.4,2909.73,3013.24,3120.54
Latvia,7195.72,7463.46,7593.22,7934.83,8332.47,8242.56,8563.98,8690.54,9081.68,9586.35,9328.66,8186.03,5685.32,5105.39,5305.33,4918.28,5100.53,5612.11,6025.89,6246.98,6645.19,7119.04,7691.26,8420.58,9222.22,10322.99,11655.69,12926.67,12624.88,11009.46,10744.73,11633.69,12264.62,12684.17,13066.81,13635.65,14025.92,14712.56,15507.99,16020.52,15828.27,16642.42,17301.73,17611.92,18292.12,19121.02,19844.07,20607.3,21399.89
Lebanon,4352.88,4297.47,2667.26,3213.9,4560.17,5567.77,5101.53,5858.27,4086.82,2318.72,2877.11,4217.5,4850.92,5315.19,5687.93,5997.7,6615.97,6630.9,6821.1,6736.67,6750.39,6901.21,7028.15,7145.14,7507.83,7594.69,7558.76,8050.25,8602.36,9374.71,10083.43,10126.47,10157.71,9445.72,8471.46,8074.66,8128.46,8208.58,8222.15,8094.53,6419.44,5866.15,5652.09,5643.71,5776.96,6029.71,6295.1,6539.39,6754.11
Lesotho,455.89,447.01,454.67,451.52,464.01,463.69,474.72,469.57,500.92,520.72,542.72,570.73,600.31,611.29,637.62,648.6,677.03,696.7,702.54,701.79,725.7,749.19,753.32,787.38,801.31,830.29,866.72,909.72,971.74,992.33,998.73,1049.3,1116.8,1160.15,1190.02,1217.99,1275.95,1248.88,1233.54,1243.08,1164.95,1174.66,1186.95,1201.56,1219.99,1239.64,1258.07,1278.03,1299.59
Liberia,1887.74,1761.39,1739.19,1629.1,1570.33,1491.1,1427.37,1406.94,1400.43,1393.09,346.72,339.6,209.35,135.22,106.56,101.74,111.13,210.71,246.03,282.38,764.14,767.48,780.06,543.92,554.15,558.63,572.16,598.09,617.05,631.32,650.65,674.54,700.91,743.39,730.63,712.34,683.24,683.16,674.16,641.71,623.01,523.96,532.77,540.77,551.6,562.02,572.01,581.48,589.97
Libya,17589.6,13460.09,13097.14,11981.65,10564.87,10495.19,9250.92,7692.7,8046.58,8393,28539.61,32230.46,30558.88,28677.33,28563.75,24574.91,25005.25,24399.3,23685.74,6890.08,6972.56,6690.82,6478.56,7162.64,7322.25,8019.44,8364.88,8699.45,8716.5,8433.01,8634.27,3427.97,8034.95,6755.34,5007.31,4470.69,4261.26,5288.36,5961.2,5989.1,4142.44,5218.51,4822.45,5391.71,6066.41,6503.06,6836.16,7113.12,7366.16
Lithuania,6827.69,6983.87,7138.76,7293.95,7452.54,7614.54,7779.42,7945.94,8145.73,8381.01,8550.01,8105.88,6466.35,5513.27,5020.59,5104.69,5381.64,5836.57,6276.43,6205.13,6449.84,6898.36,7410.57,8261.3,8907.14,9762.26,10663.57,11994.17,12442.55,10724.23,11129.77,12089.11,12729.22,13315.63,13919.41,14350.27,14872.76,15664.69,16403.61,17225.13,17419.65,18636.11,19191.09,19238.79,19926.71,20659.03,21537.97,22408.2,23245.68
Luxembourg,40129.4,39799.09,40214.33,41397.47,43912.26,45027.89,49275.16,50858.04,54580.16,59611.03,61906.06,66530.13,66823.2,68662.38,70284.45,70255.86,70226.31,73275.39,76706,82050.94,87584.41,88723.17,91156.88,91528.6,93503.5,95012.27,98358.8,104950.96,101781.3,95567.07,98411.82,98720.39,96064.68,97309.28,99214.14,101261.3,103704.23,103460.57,104625.52,105046.51,102372.65,105744.73,105632.05,104077.46,104006.5,104180.03,104420.19,104729.13,105142.66
Macau,18448.68,19197.59,21496.5,22438.29,23235.2,22880.01,23915.04,26420.59,27699.29,28315.29,29660.44,29723.07,32646.87,33529.3,34195.63,34587.63,33678.88,33053.96,31197.27,30022.35,31456.13,32138.59,34679.14,38266.98,47328.11,49114.2,52822.91,57451.68,57208.77,56497.36,69759.9,84131.3,91104.3,100443.03,98407.67,76529.96,75383.23,82066.8,85749.63,80993.55,36752.91,43479.46,31598.46,47151.49,61812.76,71190.66,77173.52,80702.33,82468.95
"Macedonia, North",3301.13,3338.5,3377.33,3431.86,3490.74,3547.61,3608.39,3670.73,3740.52,3808.48,3918.5,3664.2,3384.41,3085.56,3003.94,2941.55,2950.66,2972.4,3056.48,3172.85,3297.99,3177.85,3210.84,3270.97,3413.25,3565.29,3740.37,3974.31,4183.61,4159.49,4287.9,4377.77,4348.83,4465.56,4615.61,4781,4905.29,4947.8,5072.56,5243.77,4951.26,5217.01,5322.32,5374.62,5530.13,5701.93,5869.73,6039.78,6214.93
Madagascar,709.91,622.61,593.7,582.14,575.51,565.44,559.84,549.94,552.04,557.65,558.11,507.39,498.09,493.38,478.46,471.97,467.75,470.58,474.5,482.24,489.35,503.98,428.97,457.63,468.07,476.52,488.2,501.76,520.71,486.34,476.11,470.65,471.95,470.12,473.2,475.5,481.99,488.51,498.33,509.72,462.2,477.45,486.23,494.45,506.92,519.45,532.53,546.09,560.55
Malawi,300.7,275.96,274.04,275.39,281.24,285.16,274.29,264.16,256.94,247.16,249.96,262.48,235.39,254.96,234.08,276.22,290.28,293.54,296.98,298.05,294.86,272.68,269.65,276.89,283.32,283.71,287.75,305.25,317.79,332.79,343.73,348.33,343.09,348.99,356.76,354.76,351.72,356.14,357.96,364.21,358.5,359.55,354.31,354.2,356.93,362.39,370.14,378.12,386.26
Malaysia,3102.37,3218.48,3306.55,3407.47,3564.36,3426.11,3369.13,3444.07,3680.61,3918.28,4173.28,4448.77,4719.28,5058.51,5386.13,5768.95,6188.49,6470.88,5839.16,6039.22,6404.45,6278.66,6468.55,6678.57,6965.03,7197.23,7465.77,7799.29,8038,7785.41,8228.33,8527.05,8854.66,9129.96,9535.17,9876,10170.1,10622.06,10993.54,11338.52,10576.73,10800.1,11623.76,11892.08,12292.84,12724.86,13145,13574.92,14005.44
Maldives,3050.3,3199.32,3339.47,3383.49,3849.93,4253.25,4435.78,4638.16,4844.2,5087.81,3727.79,3798.82,3863.51,3923.41,4110.2,5401.91,5612.2,5969.15,6291.69,6444.28,6502.47,6124.92,6444.91,7178.37,7422.51,6262.97,7628.99,7838.11,8115.58,7331.18,7877.4,8566.33,8794.17,9445.57,10148.02,10449.82,11120.45,11887.65,12717.37,13392.33,8933.16,12676.65,14257.45,15293.09,16378.16,17480.86,18448.09,19423.89,20411.54
Mali,476,473.46,429.68,428.52,418.25,492.14,494.36,483.16,507.84,517.07,492.06,537.41,510.25,516.29,525.89,517.69,537.7,548.55,574.5,592.11,576.97,648.43,650.7,690.51,681.53,705.22,716.56,719.66,731.31,742.96,758.37,757.69,731.12,728.76,756.38,778.46,798.76,816.95,829.68,845.99,826.95,832.57,833.38,845.68,855.92,865.67,874.08,881.72,889.44
Malta,7403.09,7655.6,7905.05,7954.89,8130.27,8444.76,8780.3,9074.63,9753.64,1070.64,1119.55,1169.72,1252.65,1379.71,1517.15,13642.68,14030.83,14633,15253.14,15851.84,16804.74,16798.31,17194.97,17523.54,17493.67,18048.96,18313.12,18977.29,19486,18864.37,19437.57,19618.97,20014.85,20790.37,22408.16,24583.4,25718.27,27081.9,28765.92,29743.74,26947.32,29891.99,31713.17,32607.52,33651.71,34983.37,36156.41,37128.75,38091.21
Mauritania,1541.93,1562.04,1493.08,1515.29,1434.03,1443.82,1491.51,1484.73,1475.06,1514.94,1457.84,1447.47,1424.52,1453.8,1367.93,1467.67,1528.52,1438.48,1441.77,1456.21,1363.37,1318.25,1302.92,1358.4,1387.37,1469.08,1695.88,1622.14,1577.88,1541.8,1544.89,1571.8,1604.15,1632.62,1664.07,1714.59,1698.16,1719.8,1719.03,1783.07,1715.76,1721.52,1776.77,1830.54,1925.71,2004.61,2077.56,2140.76,2195.44
Mauritius,2276.86,2373,2470.66,2455.06,2545.35,2699.69,2940.54,3177.14,3364.76,3486.77,3708.5,3836.4,4036.96,4188.72,4312.29,4449.87,4647.91,4856.63,5096.89,5174.37,5538.37,5666.69,5702.44,5983.87,6186.96,6242.41,6490.75,6805.61,7114.31,7292.49,7553.82,7803.86,8019.01,8231.17,8482.19,8726.71,9005.08,9291.47,9584.05,9867.94,8417.02,8705.81,9209.69,9661.12,10039.47,10428.09,10827.29,11238.72,11665.79
Mexico,7606.64,8068.23,7842.66,7394.67,7474.82,7473.08,7090.49,7063.21,7010.23,7160.61,7395.18,7567.57,7691.68,7697.98,7937.13,7312.69,7680.1,8074.41,8362.54,8476.19,8778.65,8626.43,8509.81,8518.79,8736.05,8824.79,9106.97,9194.46,9173.21,8566.16,8875.5,9070.23,9272.52,9277.93,9421.67,9615.54,9780.52,9872.68,9969.97,9845.84,8984.01,9393.25,9636.71,9814.52,9943.96,10093.76,10231.14,10373.24,10517.31
Moldova,2163.55,2132.19,2365.35,2451.71,2515.21,2362.08,2527.49,2537.62,2536.66,2621.64,2570.48,2117.92,1502.1,1485.06,1027.96,1018.37,963.19,985.79,929.54,907.02,936.03,1003.96,1094.5,1180.58,1282.65,1395.03,1479.68,1542.11,1681.44,1597.77,1729.05,1848.31,1856.14,2044.65,2168.82,2183.69,2303.59,2437,2568.72,2685.88,2514.49,2896.45,2750.01,2824.53,2966.47,3109.37,3265.55,3427.51,3594.03
Mongolia,1400.36,1482.75,1569.98,1623.44,1679.97,1734.95,1854.15,1874.58,1925.67,1930.94,1824.11,1628.55,1450.63,1384.56,1395.58,1462.45,1473.24,1510.43,1540.97,1568.67,1568.53,1596.46,1652.46,1748.8,1913.89,2030.42,2178.76,2371.91,2548.4,2480.27,2598.33,3000.74,3319.83,3652.81,3886.14,3925.82,3921.35,4080.79,4326.54,4498.33,4250.17,4278.86,4445.98,4633.1,4872.69,5126.65,5384.31,5614.23,5848.62
Morocco,1246.22,1202.34,1287.18,1272.02,1320.34,1366.02,1457.67,1419.77,1553.49,1564.41,1585.91,1668.85,1604.71,1564.8,1700.58,1584.32,1757.37,1708.5,1810.48,1808.86,1822.06,1932.74,1969.98,2063.26,2137.27,2180.38,2314.93,2365.86,2474.24,2547,2611.55,2715.16,2763.52,2855.1,2897.82,2995.49,2994.32,3088.14,3147.87,3188.3,2958.34,3146.32,3147.16,3206.23,3280.64,3349.89,3432.64,3517.77,3605.02
Mozambique,232.8,237.96,215.92,177.56,162,159.67,153.01,176.33,193.42,205.67,205.54,212.42,197.17,211.66,211.09,204.35,221.37,241.08,259.46,284.18,282.11,310.06,332.11,347.89,367.77,384.01,412.28,434.56,455.74,472.88,490.78,512.81,534.76,556.46,581.66,604.51,611.39,617.8,622.26,619.51,596.29,594.56,603.2,617.36,644.01,659.32,671.76,684.2,696.87
Myanmar,204.01,212.85,220.5,225.72,232.25,234.28,227.4,214.22,186.65,190.44,192.53,188.2,203.65,212.88,224.8,236.28,247.54,257.71,268.99,294.38,330.45,363.52,402.71,453.49,509.63,572.81,641.36,711.29,778.63,854.03,929.08,970.82,1030.74,1106.6,1183.71,1253.89,1313.2,1384.42,1464.57,1493.67,1527.96,1242.84,1265.02,1292.99,1315.57,1340.26,1365.21,1389.61,1415.85
Namibia,3270.86,3253.23,3169.8,3018.58,2923.35,2854.69,2906.42,2924.68,2831.12,2730.01,2669.13,2808.67,2933.95,2813.07,2789.22,2826.45,2846.27,2896.82,2924.02,2953.01,2971.48,2925.88,3011.34,3096.46,3431.25,3474.36,3674.05,3821.84,3871.32,3830.29,4005.66,4150.71,4292.08,4447.14,4607.57,4719.62,4613.44,4512.24,4456.98,4323.84,3900.58,3964.85,4070.85,4077.77,4085.28,4133.63,4203.6,4269.67,4336.84
Nepal,312.54,331.06,335.66,318.06,340.58,352.84,359.99,357.09,375,381.35,388.84,402.79,407.5,411.23,432.95,437.16,451.05,464.51,469.44,481.34,502.47,517.76,510.15,522.28,539.21,552.09,565.52,579.18,608.25,628.58,649.81,661.69,682.63,700.34,731.94,746.58,741.78,793.75,838.09,888.07,859.41,888.57,930.05,960.88,1000.36,1048.24,1099.72,1154.38,1210.6
Netherlands,26344.86,25950.62,25512.88,25946.16,26631.65,27185.38,27788.3,28144.28,28923.24,30023.44,31063.71,31578.11,31887.2,32074.32,32792.78,33645.4,34668.14,35991.06,37442.08,39071.33,40428.82,41068.92,40906.64,40790.57,41473.07,42238.57,43643.3,45205.18,46020.12,44116.59,44483.91,44957.22,44289.5,44036,44471.45,45153.96,45956.33,47108.36,48145.83,48832.39,46754.02,48846,50867.3,50956.62,51370.8,52227.42,52917.89,53603.77,54298.53
New Zealand,22938.5,23891.19,23877.51,24396.19,25258.2,25467.52,26024.98,26184.63,26023.34,25940.09,25704.81,25118.93,25115.09,26394.75,27361.69,28214.13,28801.13,29065.88,29096.35,30524.74,31257.49,32041.35,33017.93,33981.3,34927.72,35730.37,36372.41,37107.88,36373.62,35916.76,36045.26,36572.63,37135.7,37756.98,38552.39,39218.36,39877.21,40381.44,41204.66,41449.9,40412.81,42265.6,42661.45,42596.78,43318.7,44094.75,44917.7,45719.8,46445.51
Nicaragua,2146.61,2187.13,2112.84,2161.06,2079.17,1952.98,1892.67,1837.27,1570.17,1503.78,1440.49,1364.62,1312.57,1260.27,1261.96,1302.4,1353.99,1378.49,1402.02,1472.71,1505.28,1522.92,1508.98,1522.68,1579.72,1624.3,1669.2,1731.39,1768.73,1690.22,1744.82,1834.8,1933.05,2006.97,2081.41,2159.27,2235.51,2316.38,2203.49,2097.91,2041.54,2231.91,2294.33,2319.34,2351.26,2388.32,2419.12,2450.32,2481.92
Niger,637.91,626.86,622.09,578.54,469.76,493.91,512.64,500.55,521.9,512.88,492.08,477.34,472.82,460.61,454.19,449.7,436.58,429.06,456.13,440.71,421.46,435.92,440.48,435.11,420.64,433.89,441.95,438.48,454.83,446.09,465.88,459.46,488.93,496.57,509.64,511.81,520.27,526.15,542.69,553.58,552.7,540.28,557.35,607.18,626.35,640.12,666.23,691.29,714.62
Nigeria,2145.33,1806.85,1633.34,1424.7,1381.6,1425.36,1389.51,1396.57,1460.86,1451.9,1583.47,1551.33,1584.43,1514.27,1449.76,1411.98,1433.31,1436.8,1434.79,1404.52,1435.27,1478.82,1658.37,1730.38,1837.35,1901.1,1960.36,2032.2,2110.84,2219.22,2333.11,2392.23,2428.45,2523.84,2615.38,2618.79,2514.68,2473.01,2457.31,2448.7,2341.58,2360.73,2373.21,2381.37,2389.14,2402.85,2395.57,2393.24,2393.24
Norway,40059.98,40560.45,40506.86,41976.92,44392.13,46718.31,48441.39,49060.56,48672.73,48975.46,49735.18,51032.05,52552.49,53726.81,56121.79,58152.71,60767.45,63624.5,64895.89,65747.41,67416.23,68467.56,69084.34,69305.44,71631.2,73011.75,74162.7,75595.54,75013.89,72794.18,72396.24,72161.52,73141.87,72961.31,73499.23,74083.06,74059.63,75002.68,75236.49,75418.26,73402.84,75728.13,77527.27,77978.3,78557.91,79552.71,80462.76,81421.6,82391.87
Oman,9270.79,10295.1,10925.85,12162.11,13588.91,14880.71,14620.4,13615.61,13917.4,15005.57,14463.25,14752.37,15388.13,15709.92,15829.91,16140.71,16170.44,16690.31,16696.27,16271.43,16754.05,17118.49,16571.8,15801.71,15692.35,15777.38,16314.54,16724.04,17755.5,18479.8,18988.39,18404.59,19717.09,20161.94,20294.49,20809.73,21396.98,21039.38,20984.65,20675.87,19591.39,19814.93,20287.08,20120.85,20109.96,19832.47,19705.4,19589.03,19473.35
Pakistan,635.06,642,662.13,687.82,706.1,740.54,759.19,785.6,821.97,839.6,853.03,872.05,922.09,922.32,935.63,958.46,978.32,963.64,964.4,975.29,987.11,990.34,988.01,1021.15,1075.46,1121.15,1160.77,1188.46,1181.84,1189.21,1180.23,1184.97,1199.57,1224.32,1253.71,1285.5,1329.4,1374.9,1424.38,1408.5,1362.22,1421.66,1456.5,1423.99,1453.21,1506.45,1549.65,1592.27,1636.11
Panama,5661.14,6060.71,6257.74,5858.1,5895.9,6061.26,6151.12,5920.53,5028.24,5007.74,5308.74,5696.17,6043.32,6249.67,6305.22,6292.95,6423.99,6704.71,7059.19,7205.46,7269.09,7180.15,7215.23,7395.1,7821.83,8249.18,8819.12,9718.85,10511.06,10480.85,10928.4,11989.8,12976.34,13679.75,14177.6,14791.18,15321.83,15976.16,16361.48,16649.54,13431.6,15270.64,16656.79,16963.74,17195.34,17460.75,17767.89,18083.3,18422.47
Papua New Guinea,2225.04,2165.11,2119.11,2132.79,2071.67,2099.81,2142.08,2144.66,2149.75,2063.83,1948.97,2078.45,2303.27,2649.82,2732.11,2570.94,2696.11,2522.52,2363.98,2345.45,2228.26,2169.36,2112.38,2105.88,2111.99,2194.01,2260.44,2383.34,2325.14,2431.2,2622.82,2599.12,2667.34,2716.93,3028.02,3255.72,3329.16,3386.54,3303.29,3430.43,3241.35,3166.38,3212.84,3239.39,3305.54,3329.23,3347.98,3367.63,3387.42
Paraguay,3458.51,3683.64,3536.93,3335.83,3333.98,3386.07,3453.03,3608.72,3712.69,3856.22,3900.58,3923.05,3878.74,3958.81,4056.98,4218.84,4173.44,4242.34,4148.05,4005.61,3835.86,3731.45,3662.03,3752.47,3837.98,3855.45,3977.07,4129.23,4327.95,4256.62,4667.93,4803.57,4717.42,5051.45,5233.31,5331.36,5496.84,5701.95,5824.07,5754.3,5640.88,5799.92,5738.2,5926.03,6093.15,6257.56,6445.18,6636.62,6827.18
Peru,3811.9,3919.41,3823.15,3350.42,3397.4,3394.34,3635.67,3904.71,3461.13,2970.84,2763.41,2765.67,2693.69,2776.77,3057.23,3223.31,3255.8,3409.71,3343.99,3345.16,3388.4,3364.3,3502.53,3603.59,3737.61,3927.25,4176.24,4483.43,4841.15,4843.04,5192.1,5463.81,5740.28,6015.2,6097.49,6234.37,6418.42,6517.49,6713.09,6794.04,5959.86,6727.96,6874.29,6962.62,7142.02,7331.74,7546.42,7771.46,7995.27
Philippines,1886.63,1904,1924.76,1914.24,1731.48,1565.23,1578.7,1607.56,1677.07,1740.34,1751.38,1702.93,1673.97,1674.53,1710.85,1750.48,1809.86,1861.23,1811.27,1827.92,1867.8,1882.2,1910.79,1967,2052.93,2111.06,2179.9,2277.49,2332.34,2325.67,2454.69,2507.89,2638.72,2771.59,2899.58,3034.17,3199.59,3367.84,3526.08,3682.02,3269.82,3380.55,3581.91,3732.22,3893.65,4052.5,4204.4,4345.24,4486.65
Poland,5629.42,5022.37,4739.99,4956.64,5189.02,5331.31,5515.32,5588.07,5799.63,5793.12,5104.14,4729.45,4833.56,5001.6,5255.32,5613.04,5948.5,6328.63,6618.31,6926.12,7244.06,7336.46,7489.66,7761.84,8165.77,8454.88,8980.63,9613.56,10017.41,10291.51,10654.81,11184.92,11364.61,11526.68,11917.03,12384.71,12777.06,13424.93,14164.18,14777.15,14504.34,15524.87,16408.88,16578.95,17144.84,17870,18576.21,19247.64,19885.37
Portugal,10799.9,10894.12,11115.95,11082.55,10859.74,11151.31,11601.1,12331.61,13248.02,14097.68,14655.28,15301.13,15454.33,15077.57,15132.18,15720.91,16216.43,16835.91,17527.32,18097.2,18657.82,18888.46,18931.54,18683.31,18969.77,19082.9,19358.3,19789.31,19808.54,19171.97,19496.23,19193.51,18488.96,18418.34,18665.03,19079.01,19525.34,20269.05,20860.79,21369.14,19645.57,20775.96,22220.79,22828.89,23296.65,24070.03,24596.49,25088.91,25540.96
Puerto Rico,16310.62,16348.51,15897.54,15351.85,16096.94,16438.17,17098.64,17921.43,18810.02,19454.07,18734.15,19030.27,19770.8,20515.55,21176.7,21936.45,22193.61,23061.37,24197.35,25374.14,26132,27722.17,27939.95,27937.14,30374.8,29813.99,29518.28,29346.14,28974.2,28563.62,28592.12,28815.32,29166.64,29455.75,29561.18,29766.7,29919.45,29571.32,28679.93,29503.89,28714.39,29275.69,30692.83,31662.49,32544.6,33585.07,34745.97,35940.48,37103.36
Qatar,,,,,,,,,,,42716.25,40584.19,43728.6,41757.34,41022.88,40749.48,41306.44,51470.67,54215.41,53682.34,54513.29,53978.39,55227.32,54770.1,58192.45,53092.36,58171.1,60605.62,63782.29,64553.72,70424,74239.79,73644.29,73471.84,73490.89,73691.72,73147.17,72495.49,72035.35,70605.75,66981.93,67147.23,69598.31,70812.9,72584.46,74922.18,78330.66,81529.42,84455.7
Republic of Congo,1445.68,1653.45,1987.28,2045.71,2128.31,2045.11,1851.84,1803.44,1783.68,1778.37,1745.4,1736.21,1731.13,1663.24,1525.48,1542.8,1566.52,1523.92,1546.08,1467.56,1519.42,1519.46,1555.13,1523.04,1517.74,1569.39,1595.67,1506.22,1538.41,1591,1659,1660.29,1680.86,1706.72,1787.9,1799.46,1713.99,1648.4,1639.26,1589.15,1456.68,1391.86,1407.1,1415.82,1445.48,1447.62,1452.69,1458.37,1464.08
Romania,4853.89,4831.72,4999.79,5290.14,5594.41,5572.2,5682.6,5708.14,5659.18,5312.23,5045.23,4401.25,4020.41,4087.48,4254.31,4528.59,4719.06,4503.12,4420.8,4411.02,4525.42,4768.33,5051.47,5183.89,5739.15,6020.72,6517.82,7003.32,7670.89,7263.79,6997.11,7155.39,7322.75,7600.3,7881.45,8210.59,8631.3,9275.21,9719.69,10151.94,9937.51,10656.96,11269,11659.88,12116.19,12629.52,13120.33,13609.7,14089.4
Russia,6027.29,6307.71,6745.38,7007.79,7237.42,7287.12,7481.42,7586.6,7961.98,8126.2,7849.33,7436.79,6349.92,5797.74,5064.44,4850.15,4673.08,4745.64,4500.75,4803.58,5307.11,5605.22,5901.1,6366.55,6859.88,7333.56,7967.37,8662.47,9115.99,8400.92,8774.93,9152.34,9521.16,9689.47,9762.88,9573.41,9596.56,9779.3,10037.52,10185.53,9931.24,10508.52,10312.68,10278.8,10453.94,10643.02,10795.97,10969.23,11156.27
Rwanda,434.34,443.28,436.6,447.39,415.1,421.24,430.48,415.04,417.88,403.18,382.11,363.77,375.68,330.76,210.08,323.34,302.96,295.49,308.08,317.79,341.79,365.51,405.48,407.18,428.22,458.77,490.39,514.64,557.94,580.35,609.25,639.86,674.98,685.54,707.08,754.38,783.81,794.77,842.66,901.68,854.19,929.98,988.62,1030.2,1089.36,1155.21,1215.94,1279.37,1346.11
Samoa,2774.55,2493.86,2550.17,2562.41,2595.31,2695.8,2842.04,2851.57,2803.13,2896.54,2756.03,2678.53,2655.21,2742.11,2650.64,2804.03,2979.87,2973.28,3012.26,3052.55,3236.81,3430.74,3546.99,3673.19,3807.67,3928.98,3968.45,4181.11,4188.83,3958.3,3954.4,4094.69,3903.85,3864.51,3844.87,3985.92,4281.99,4300.29,4182.2,4301.68,3845.45,3735.35,3713.39,4010.74,4108.3,4202.74,4276.69,4348.89,4417.98
São Tomé and Principe,1630.61,1426.46,1443.71,1361.51,1254.56,1343.99,1239.92,1178.65,1176.8,1187.54,1170.78,1158.22,1144.07,1138.3,1144.1,1146.61,1142.3,1131.36,1136.32,1140.49,1121,1096.99,1098.03,1143.97,1161.1,1215.49,1296.65,1309.3,1385.65,1388.86,1450.3,1482.89,1498.84,1540.39,1610.16,1640.5,1678.36,1713.37,1729.66,1742.73,1768.8,1773.53,1771.73,1791.33,1824.05,1859.77,1896.38,1933.78,1971.93
Saudi Arabia,34215.25,32806.53,24545.51,19461.83,17591.08,15007.31,16722.2,14949.42,16228.31,15538.5,17641.44,19984.18,19861.45,18964.15,18484.35,17979.38,17934.52,17642.89,17683.04,16596.53,17112.64,16518.95,15707.72,17122.1,18139.81,18822.08,18829.56,18484.94,18952.15,17929.72,18208.94,19454.4,20017.57,20101.68,20404.13,20829.8,20792.63,20280.85,20428.38,20160.76,18973.49,19400.13,20756.01,21034.51,21198.71,21564.87,21435.55,21435.55,21604.5
Senegal,980.43,1004.51,1056.06,974.6,985.37,991.44,995.56,1028.28,994.87,1003.28,966.62,964.25,950.4,938.36,914.63,939.31,934.04,939.72,970.12,1007.65,1016.11,1035.65,1015.65,1055.2,1087.52,1118.37,1115.74,1140.2,1155.62,1149.37,1159.87,1146.95,1175.36,1178.47,1225.5,1271.82,1320.14,1384.38,1438.29,1479.2,1458.65,1506.61,1536.93,1619.7,1742.66,1784.15,1829.37,1872.29,1910.72
Serbia,3961.57,4046.39,4136.04,4227.91,4322.17,4419.27,4520.79,4627.1,4737.81,6919.13,5685.79,5045.03,3644.05,2537.13,2604.77,2756.3,2922.69,3139.04,3251.73,2944.57,3155.05,3397.08,3615.77,3778.97,4127.08,4367.15,4606.24,4921.95,5223.61,5104.7,5166.17,5296.09,5284.54,5462.62,5400.58,5521.76,5732.46,5877.63,6164.95,6453.75,6438.46,6985.49,7203.58,7355.99,7591.88,7922.88,8320.81,8722.62,9135.06
Seychelles,6769.35,6142.07,6018.81,5865.26,6069.66,6677.07,6600.13,6828.2,7120.25,7825.02,8279.47,8407.21,8903.41,9349.77,9173.12,9000.5,9345.44,10368.68,11128,11196.6,11219.55,10825.92,10828.64,10076.37,9680.49,10437.06,11295.98,12341.61,11952.11,11700.97,12276.5,13118.85,13160.89,13826.68,14322.78,14903.12,15456.67,16004.12,16475.98,17122.63,15529.22,15786.04,16816.02,17643.68,18347.31,19085.03,19795.67,20485.08,21178.79
Sierra Leone,656.6,662.19,679.85,651.78,664.05,615.1,608.85,638.02,579.07,569.47,565.71,564.76,466.93,490.28,495.44,467.14,484.18,461.21,471.88,463.8,485.11,427.99,510.34,535.52,553.92,565.86,576.35,610.04,629.57,635.83,655.32,681.38,767.33,905.38,925.04,717.58,743.36,756.58,764.26,787.32,751.21,761.84,770.26,777.19,793.2,809.21,824.99,840.33,855.97
Singapore,13944.1,14712,15064.64,16125.97,17198.27,17050.13,17278.01,18838.92,20415.08,21816.18,23256.23,23985.73,24761.49,26743.65,28820.45,30007.58,31354.79,33050.88,31500.36,32492.07,34572.43,33332.09,33732.97,34384.28,36857.4,38646.04,41162.56,43867.86,43702.29,42840.38,48068.54,50075.74,51267.27,52695.88,53718.4,54278.91,54999.85,56764.84,58110.61,57951.23,55146.27,59465.14,61050.11,61570.78,62853.25,64016.62,65250.36,66545.01,67865.34
Slovakia,7143.37,7294.19,7468.61,7649.09,7840.68,8066.78,8358.3,8519.04,8644.7,8713.39,8037.7,6841.61,6652.16,6752.3,7142.22,7536.55,8018.12,8477.76,8811.5,8793.19,8888.22,9173.46,9585.88,10111.88,10642.48,11343,12303.49,13630.46,14379.75,13582.62,14344.33,14735.56,14999.26,15092.7,15502.3,16245.5,16588.08,17093.81,17762.85,18194.76,17589.52,18132.19,18451.11,18526.91,19018.37,19800.93,20407.98,21001,21569.16
Slovenia,8779.68,9020.44,9189.52,9386.47,9585.65,9790.19,9999.42,10235.89,10466.91,10711.78,13654.88,12388.13,11712.86,12041.59,12676.07,13184.9,13576.01,14231.92,14704.53,15497.57,16053.98,16553.24,17122.36,17620.7,18376.87,19041.26,20071.93,21354.41,21901.99,20069.64,20252.35,20385.12,19806.14,19576.13,20098.59,20527.59,21155.78,22167.79,23073.45,23633.19,22470.5,24334.79,25733.6,26044.38,26651.65,27255.97,27894.53,28536.74,29223
Solomon Islands,2048.29,1943.76,1848.57,1857.28,1799.3,1685.86,1627.24,1707.43,1673.66,1689.57,1672.3,1717.42,1875.56,1890.47,2001.79,2101.58,2072.22,1982.89,1960.4,1896,1580.47,1414.66,1338.08,1387.42,1417.67,1456.61,1519.09,1590.6,1663.07,1547.4,1615.21,1787.77,1828.64,1843.87,1846.29,1854.95,1876.83,1909,1945.54,1961.4,1861.19,1822.17,1712.91,1732.81,1748.94,1771.52,1793.83,1815.01,1836.45
South Africa,4980.11,5087.58,4909.98,4668.8,4753.42,4548.81,4439.56,4425.6,4504.6,4508.18,4395.24,4259.27,4087.24,4054.03,4114.98,4189.38,4315.71,4373.94,4336.76,4384.35,4511.36,4575.1,4680.43,4749.91,4896.25,5083.32,5298.49,5510.73,5612.37,5454.51,5571.71,5717.69,5792.45,5878.51,5921.38,5917.41,5872.63,5897.31,5886.23,5838.74,5415.8,5627.67,5688.89,5667.08,5719.88,5809.83,5886.52,5974.12,6063.02
Spain,14722.67,14600.95,14692.45,14873.87,15068.81,15349.8,15778.47,16579.55,17346.91,18109.75,18729.48,19152.48,19285.97,19045.98,19465.41,19973.58,20476.22,21188.26,22042.36,22914.68,23916.21,24579.54,24891.38,25220.88,25597.71,26105.03,26731.15,27217,27040.55,25806.61,25731.56,25386.18,24483.97,23965.66,24110.33,24822.75,25355.41,26062.46,26658.53,27178.58,23983,25273.59,26617.38,27144.12,27493.3,28042.63,28642.35,29157.4,29623.45
Sri Lanka,957,994.41,1022.3,1063.12,1111.85,1157.65,1191.32,1195.68,1210.92,1223.38,1288.23,1336.26,1378.87,1453.25,1512.09,1574.6,1615.55,1698.76,1759.19,1813.07,1896.79,1845.97,1897.9,1987.18,2071.75,2182.51,2325.8,2460.08,2582.54,2650.66,2835.35,3044.76,3292.65,3373.94,3510.41,3654.94,3787.74,3892.49,3991.11,4053.23,3839.7,3948.97,3617.5,3744.77,4012.62,4166.89,4318.11,4472.79,4628.56
St. Kitts Nevis,5668.51,5767.69,5813.94,5902.64,6447.17,7023.96,7823.38,8385.21,9220.92,9789.97,10330.82,10199.68,10600.53,11181.63,11623.51,12100.69,12675.49,13391.69,13164.95,13431,14657.63,15288.86,15499.67,14821.68,15296.58,16648.26,16669.15,16639.33,17511.35,16661.15,16421.09,16582.99,16081.93,16812.5,17729.23,17774.87,18140.26,17651.21,18037.22,18360.64,15587.44,15350.39,16423.37,17043.28,17540.23,17958.35,18388.17,18827.29,19276.89
St. Lucia,4424.02,4645.61,4682.82,4849.12,5127.83,5472.79,6180.41,6352.74,7165.52,7751.62,8452.54,8386.15,8936.18,8874.93,8901.97,8942.53,9099.78,8943.48,9423.44,9605.65,9535.86,9145.37,9130.41,9476.4,10122.98,10035.7,10606.42,10735.13,11216.32,10852.64,10981.82,11538.46,11471.31,11066.02,11220.59,11030.12,11432.08,11792.33,12064.66,12234.78,9225.58,10323.04,11927.58,12586.44,12947.13,13246.44,13485.73,13741.45,14002.02
St. Vincent Grenadines,2500.12,2587.52,2669,2691.26,2838.19,2985.7,3125.54,3117.45,3534.66,3563.81,3689.72,3711.68,3938.82,4094.46,4037.6,4347.18,4404.11,4565.26,4760.86,4902.86,4995.1,5092.56,5431.81,5870.3,6137.43,6314.38,6824.63,7078.06,7215.49,7088.63,6874.38,6868.49,6985.75,7135.64,7243.47,7360.64,7520.6,7614.45,7796.9,7840.24,7423.26,7495.7,7856.42,8318.85,8710.92,9013.47,9256.49,9497.4,9744.58
Sudan,1071.36,1116.72,1147.98,1133.31,1036.8,935.8,950.05,1045.09,1003.18,1052.43,958.13,992.07,1018.29,1029.35,1016.32,1053.04,1090.27,1178.36,1201.48,1210.91,1258.78,1310.45,1363.3,1435.7,1457.9,1531.84,1648.08,1796.63,1891.97,1897.7,1846.02,1878.58,1813.51,1851.23,1851.31,1885.75,1917.58,1939.59,1837.74,1741.25,1633.62,1561.21,1509.72,1398.12,1349.32,1354.89,1353.29,1345.38,1337.51
Suriname,7039.42,7391.28,6907.87,6482.11,6229.47,6234.17,6194.91,5756.6,6144.73,6325.05,5994.68,6135.32,6129.82,5699.57,5864.65,5800.5,5784.98,6024.29,6056.15,5862.47,5878.57,6024.02,6087.46,6363.29,6796.04,6992.69,7278.5,7517.92,7697.92,7807.59,8094.81,8455.23,8574.23,8721.6,8645.28,8259.31,7717.56,7772.81,7896.15,7758.43,6444.29,6192.23,6250.13,6324.57,6404.4,6506.52,6625.84,6750.49,6884.16
Swaziland/Eswatini,1244.48,1381.9,1358.11,1328.11,1361.4,1363.51,1473.85,1628.02,1655.55,1794.55,2169.65,2111.7,2099.63,2104.08,2146.66,2237.02,2266.63,2307.34,2364.32,2433.71,2412.67,2442.78,2554.41,2658.02,2758.69,2928.45,3109.45,3255.4,3288.01,3338.86,3457.99,3519.24,3681.03,3789.14,3789.84,3843.48,3858.6,3903,3961.23,3972.96,3868.38,4140.96,4138.4,4214.88,4287.62,4368.43,4449.98,4534.02,4615.15
Sweden,28655.17,28750.87,29093.17,29632.72,30835.72,31450.18,32189.77,33121.88,33777.22,34442.39,34401.57,33743.31,33158.21,32286.59,33319.08,34449.27,34936.93,35987.89,37518.27,39080.55,40876.44,41357.92,42129.39,42942.61,44629.62,45722.06,47585.93,48860.52,48264.06,45778.3,48092.05,49257.4,48610.4,48809.83,49713.29,51532.71,52179.24,53102.62,53719.23,53944.79,52328.79,54768,55975.92,55126.64,55369.71,56106.43,56902.01,57694.68,58440.98
Switzerland,58248.73,58805.12,57646.41,57715,59184.88,61034.32,61791.34,62323.47,63839.68,66011.48,67699.86,66289.71,65545.8,64875.58,65173.76,65092.05,65219.93,66622.13,68472.57,69388.27,71775.55,72369.84,72128.11,71806,73473.12,75447.85,78137.99,80801.21,81658.75,78990.75,80560.19,81086.48,81122.88,81896.72,83220.94,83704.32,84548.14,85480.71,87237.95,87460.49,84707.32,87708.04,88999.2,89037.46,89534.05,89992.73,90554.25,91094.33,91637.64
Syria,1300.17,1377.16,1354.81,1324.07,1224.11,1252.15,1147.58,1127.89,1232.93,1084.47,1086.63,1133.23,1249.32,1278.16,1339.18,1379.05,1441.74,1439.62,1509.79,1418.92,1395.26,1431.86,1482.13,1465.9,1532.91,1586,1594.77,1583.58,1597.44,1667.28,1712.99,1732.69,1284.65,1011.41,928.68,919.97,910.53,905.43,911.16,1029.23,948.15,929.15,904.59,869.08,851.79,867.19,887.2,906.41,925.15
Taiwan,4163.58,4378.86,4508.69,4837.32,5245.37,5425.46,5982.96,6673.78,7130.24,7665.32,7914.74,8487.83,9106.48,9634.38,10255.51,10820.82,11399.61,11988.41,12380.42,13109.77,13826.53,13537.04,14202.44,14737.14,15702.49,16488.74,17371.66,18487.1,18571.88,18210.47,20022.84,20715.77,21120.68,21585.06,22545.44,22821.98,23266.75,23996.15,24631.32,25286.96,26132.91,27828.13,28500.1,28818.38,29752.13,30416.1,31020.69,31641.1,32273.92
Tajikistan,1586.52,1576.55,1565.57,1553.41,1539.84,1361.09,1364.9,1307.18,1446.91,1315.4,1276.75,1156.52,807.27,669.2,521.23,450.58,369.73,369.51,381.41,387.28,411.52,443.16,482.59,525.89,569.96,596.56,626.72,662.71,701.72,715.42,747.99,788.63,832.26,877.84,920.25,958.82,1007.62,1066.91,1126.81,1187.31,1222.19,1315.26,1400.47,1459.5,1503.18,1537.89,1570.65,1603.24,1634.92
Tanzania,564.08,545.62,533.65,506.4,508.87,517.43,512.39,521.56,526.8,531.67,553.83,549.81,537.5,526.44,514.84,516.63,529,534.99,539.09,549.09,556.52,573.09,595.68,616.53,643.72,672.01,695.45,721.23,740.82,759.45,785.81,821.92,834.71,866.4,899.07,928.16,964.74,998.49,1021.83,1050.1,1069.77,1091.34,1111.13,1133.8,1163.9,1195.77,1229.51,1265.43,1302.4
Thailand,1438.73,1492.35,1541.05,1596.13,1657.23,1704.19,1768.46,1905.13,2123.76,2345.51,2567.8,2750.72,2934.29,3135.86,3344.35,3571.45,3728.86,3586.51,3278.19,3396.93,3520.64,3613.59,3806.37,4051.47,4279.6,4433,4627.78,4853.93,4913.25,4857.22,5200.33,5223.14,5579.93,5708.52,5743.93,5903.46,6085.81,6309.24,6547.51,6680.66,6250.13,6332.54,6481.22,6690.27,6925.73,7166.32,7410.49,7654.79,7899.5
Togo,687.78,641.98,597.65,545.75,556.19,566.89,556.11,539.76,555.86,558.81,538.93,517.72,481.25,410.7,468.74,478.95,497.68,548.03,519.22,517.05,498.67,488.8,493.72,512.62,493.66,459.4,459.44,440.74,445.52,456.64,471.09,487.56,505.35,521.76,537.83,553.59,568.95,578.54,591.21,606.67,601.72,617.56,634.88,657.85,683.8,713.16,743.52,769.66,797.5
Tonga,2411.99,2472.71,2574.66,2610.41,2645.29,2801.22,2845.13,2916.09,2850.57,2853.07,2787.58,2959.18,2959.36,3062.51,3206.54,3318.09,3311.59,3292.12,3357.56,3463.58,3555.87,3659.43,3760.07,3815.39,3779.26,3817.01,3765.05,3589.68,3684.22,3754.01,3875.99,3973.26,3999.94,3868.71,3944.51,4088.58,4226.28,4342.18,4358.94,4164.42,4192.19,4089.24,4017.44,4145.58,4312.57,4436.03,4532.8,4632.92,4730.6
Trinidad and Tobago,9015.53,9280.71,9466.89,8337.72,7718.82,7275.43,6924.49,6518.72,6195.48,6095.91,6153.26,6318.61,6939.21,6883.95,7128.8,7405.86,7945.9,8559.3,9273.21,10041.39,10758.84,11231.75,12154.41,13947.89,15094.39,16065.79,18219.16,19112.4,19784.53,18936.71,19586.12,19547.33,19813.69,20274.49,20110.96,20503.64,19242.3,18821.17,18803.87,18838.13,17448.77,17236.66,18004.22,18466.5,18794.4,19108.29,19451.73,19801.86,20158.29
Tunisia,1797.43,1849.88,1805.65,1855.53,1873.53,1929.98,1854.69,1931.48,1890.04,1884.36,1995.2,2033.63,2151.5,2158.76,2189.22,2207.99,2333.82,2429.6,2516.37,2640.35,2736.32,2811.03,2819.55,2922.42,3074.44,3152.75,3288.51,3477.5,3591.28,3663.84,3751.05,3637.17,3738.63,3800.49,3866.99,3868.03,3869.95,3903.24,3968.2,3973.14,3592.32,3721.4,3787.78,3828.38,3884.66,3959.6,4039.04,4131.48,4230.24
Turkey,3847.41,3929.53,3965.97,4060.86,4230.91,4310.18,4512.22,4836.45,4846.97,4763.52,5105.96,5053.17,5220.97,5531.99,5192.75,5516.72,5834.89,6184.07,6234.47,5936.64,6241.15,5787.8,6077.76,6335.38,6857.77,7381.71,7809.34,8104.13,8078.16,7611.96,8168.37,8980.54,9299.84,9958.25,10337.4,10826.73,11051.71,11792.71,12063.44,12109.58,12254.25,13597.56,14236.7,14418.2,14752.09,15015.42,15293.72,15582.57,15892.67
Turkmenistan,1966.29,1977.89,1990.58,2003.69,2017.9,2031.6,2042.01,2678.24,2904.1,2718.16,3593.31,3348.41,2784.1,2762.58,2235.63,2036.6,2139.51,1869.46,1973.23,2265.63,2356.41,2426.08,2400.97,2450.33,2543.63,2840.84,3115.6,3420.51,3878.56,4068.35,4392.26,4980.88,5471,5960.4,6499.44,6843.21,7185.22,7567.32,7948.49,8354.39,8331.18,8658.06,9103.3,9604.56,10020.63,10340.06,10725.93,11066.44,11296.99
Uganda,364.72,370.25,388.84,399.77,386.05,361.57,351.04,351.4,365.79,374.61,385.2,392.84,392.47,410.05,420.85,456.26,483.85,493.3,501.59,523.79,522.67,532.22,559.59,577.58,599.96,620.17,667.61,703.77,745.07,774.96,796.54,847.39,854.8,859.42,874.83,889.58,896.78,892.49,914.97,945.25,901.33,930.36,942.6,962.69,985.49,1014.07,1053.78,1091.6,1126.54
Ukraine,2444.47,2510.59,2579.93,2650.49,2721.9,2796.45,2874.42,3024.11,3089.37,3204.13,2993.8,2736.27,2464.27,2112.97,1636.24,1447.56,1313.94,1285.7,1272.14,1281.14,1369.94,1511.24,1605.33,1772.16,2001.44,2076.33,2245.98,2431.02,2500.57,2141.02,2231.99,2362.48,2373.95,2378.69,2244.82,2048.89,2105.09,2165.75,2243.86,2316.01,2231.52,2316.74,1648.88,1716.64,1891.07,2119.72,2308.7,2505.93,2712.45
United Arab Emirates,113803.11,111374.11,97696.01,87552.54,85731.38,77855.19,62406.39,61229.45,56463.14,60014.55,67235.13,64206.56,62749.09,60062.83,60713.98,61365.39,60664.85,61544.17,58041.9,56298.48,58943.32,56753.44,55637.79,58271.93,61731.75,62816.8,60907.15,50647.81,40387.88,33232.6,33220.06,34850.36,35561.24,36332.21,37113.2,38518.65,39138.26,39603.75,39679.91,40005.48,37742.75,38964.45,41671.59,42913.77,44086.68,45191.27,46020.55,46888.86,47772.68
United Kingdom,23403.66,23191.05,23675.47,24660.18,25188.21,26163.84,26908.74,28272.12,29804.48,30489.66,30628.08,30204.51,30240.39,30929.95,32035.66,32744.46,33469.55,34670.9,35820.52,36904.31,38024.25,39000.41,39755.07,40909.13,41669.01,42737.8,43669.95,44437.45,44029.76,41918.55,42494.77,42908.44,43302.13,43985.5,44886.43,45696.25,46325.41,46956.03,47340.59,47764.14,42229.63,45170.94,46765.45,46640.55,46715.26,47084.93,47552.15,48025.78,48504.12
United States,31171.16,31650.05,30784.46,31902.62,33916.37,35018.89,35898.16,36809.59,38000.52,39025.8,39288.33,38724.84,39536.7,40092.99,41199.89,41804.94,42880.26,44252.93,45698.53,47324.11,48732.13,48733.9,49124.8,50097.93,51522.05,52842.82,53829.9,54320.75,53735.88,51915.62,52806.88,53237.9,54037.63,54652.84,55623.53,56862.72,57258.41,58155.75,59546.3,60646.37,58738.37,62055.29,62884.13,63552.23,63912.87,64747.21,65918.36,67032.29,67965.14
Uruguay,8196.61,8274.63,7416.33,6608.76,6491.02,6563.08,7109.75,7645.96,7727.09,7777.93,7765.82,8005.36,8604.99,8798.6,9399.54,9225.22,9696.39,10469.68,10891.43,10640.18,10396.45,9961.53,9161.81,9209.85,9647.54,10346.79,10749.8,11426.56,12218.62,12708.53,13669.88,14343.13,14815.72,15464.88,15924.98,15941.36,16166.6,16540.85,16763.88,16756.47,15665.77,16449.3,17213.45,17629.34,18176.35,18696.81,19033.66,19413.57,19820.45
Uzbekistan,1143.34,1137.74,1131.32,1124.93,1118.23,1110.6,1102.85,1370.38,1464.7,1479.19,1466.48,1422.62,1231.1,1174.63,1090.09,1058.57,1055.67,1090.7,1119.37,1150.53,1178.42,1211.49,1243.75,1281.64,1362.64,1442.42,1534.26,1662.93,1795.46,1921.67,2048.39,2187.22,2326.58,2479.68,2633.08,2803,2946.21,3049.1,3185.64,3332.52,3365.33,3583.75,3756.1,3901.85,4057.47,4229.29,4416.14,4595.94,4773.94
Vanuatu,2064.6,2089.29,2246.85,2485.5,2647.91,2600.59,2526.88,2388.27,2285.65,2260.64,2461.82,2477.48,2482.21,2444.44,2607.98,2579.49,2586.51,2660.67,2722.74,2682.06,2766.12,2599.9,2403.19,2442.19,2475.25,2541.37,2688.86,2760.17,2869.38,2896.69,2878.18,2849.9,2838.34,2834.37,2841.32,2790.27,2832.11,2902.22,2929.53,2961.76,2754.02,2720.24,2721.42,2758.26,2823.84,2878.25,2923.35,2969.43,3013.31
Venezuela,18937.71,18373.37,17418.43,16232.02,15961.54,15520.84,16055.56,16156.24,16612.52,14765.24,15096.49,16196.62,16804.38,16492.3,15768.54,16055.16,15703.79,16617.06,16356.41,15101.65,15382.74,15631.01,14003.97,12700.23,14774.83,16036.11,17339.39,18494.87,19104.88,18216.49,17682.59,18157.87,18916.9,18915.87,17990.59,16715.95,13744.03,11630.68,9671.93,6753.72,5501.86,5731.5,6344.1,6335.7,6453.28,6537.88,6666.65,6798.92,6933.82
Vietnam,552.35,529.05,511.17,494.15,478.17,485.38,487.98,494.31,508.48,532.2,547.79,568.77,606.1,643.03,687.58,740.68,797.3,849.75,886.44,916.46,965.86,1012.48,1062.59,1121.56,1190.81,1264.41,1336.1,1414.01,1476.33,1538.13,1618.76,1701.19,1771.48,1848.17,1938.97,2048.16,2154.53,2274.98,2409.13,2550.25,2595.64,2635.08,2818.42,2968.02,3139.98,3317.27,3505.92,3704.17,3909.96
Yemen,1322.2,1414.52,1485.37,1461.04,1453.25,1456.96,1455.16,1454.91,1478.66,1472.79,1678.17,1719.22,1792.75,1794.97,1847.89,1895.15,1924.31,1966.14,2022.19,2035.3,2097.47,2112.71,2130.19,2146.05,2167.44,2220.99,2223.37,2229.72,2243.1,2261.78,2366.15,2005.73,1993.8,2030.47,1971.06,1382.94,1223.3,1134.81,1118.43,663.61,568.43,538.21,527.18,520.61,520.62,534.5,552.53,569.37,584.48
Zambia,1112.88,1146.12,1076.02,1016.98,980.48,966.46,941.51,935.1,964.92,928.98,899.38,874.4,836.03,869.33,773.83,776.21,803.64,811.19,785.83,799.98,806.91,824.96,839.78,876.4,915.33,957.02,1005.62,1060.34,1111.55,1181.45,1266.77,1299.14,1358.09,1386.18,1410.02,1409.99,1421.32,1426.64,1439.57,1420.68,1340.49,1361.39,1385.03,1391.43,1402.51,1421.02,1437.52,1454.3,1472.7
Zimbabwe,1535.69,1667.74,1665.21,1629.81,1538.74,1585.3,1562.19,1523.14,1580.56,1611.67,1676,1721.38,1524.6,1503.62,1624,1612.11,1748.47,1763.54,1783.4,1743.37,1673.38,1683.05,1524.28,1261.42,1186.43,1119.3,1074.84,1027.28,840.84,934.64,1108.34,1253.39,1447.79,1461.67,1480.14,1488.03,1478.91,1525.54,1573.55,1421.09,1320.88,1377.23,1404.75,1429.98,1454.28,1480.53,1506.3,1531.43,1556.98
